ID_CLIENTE,DATA_CADASTRO,DDD,FLAG_PF,SEGMENTO_INDUSTRIAL,DOMINIO_EMAIL,PORTE,CEP_2_DIG
1661240395903230676,2013-08-22,Nordeste,0,Serviços,YAHOO,PEQUENO,Nordeste
8274986328479596038,2017-01-25,Sudeste,0,Comércio,YAHOO,MEDIO,Norte
345447888460137901,2000-08-15,Nordeste,0,Serviços,HOTMAIL,PEQUENO,Nordeste
1003144834589372198,2017-08-06,Sul,0,Serviços,OUTLOOK,PEQUENO,Sul
324916756972236008,2011-02-14,Nordeste,0,Serviços,GMAIL,GRANDE,Nordeste
4679462479444735708,2000-08-15,Sudeste,0,Indústria,HOTMAIL,GRANDE,Sudeste
1276604410881911401,2000-08-15,Centro-Oeste,0,Indústria,YAHOO,PEQUENO,Sudeste
8123515208041701633,2011-02-14,Sudeste,0,Serviços,GMAIL,PEQUENO,Sudeste
4530631557358349711,2000-08-15,Sudeste,0,Serviços,HOTMAIL,PEQUENO,Nordeste
3668905663669864663,2011-02-14,Sul,0,Comércio,BOL,GRANDE,Sul
7041489327620930099,2018-03-27,Unknown,0,Serviços,HOTMAIL,GRANDE,Sudeste
3118152790263512426,2000-08-15,Sudeste,0,Unknown,OUTLOOK,MEDIO,Sudeste
1366416810235233769,2000-08-15,Sudeste,0,Comércio,YAHOO,GRANDE,Sudeste
4395946187332973749,2000-08-15,Sudeste,0,Serviços,GMAIL,MEDIO,Sudeste
1299146298565441811,2000-08-15,Sudeste,0,Serviços,HOTMAIL,MEDIO,Sudeste
4052557282157719526,2009-08-30,Sudeste,0,Comércio,GMAIL,MEDIO,Sudeste
6795467882769787169,2014-06-23,Sudeste,0,Serviços,HOTMAIL,PEQUENO,Sul
2550506309527280168,2000-08-15,Sudeste,0,Comércio,GMAIL,MEDIO,Sudeste
8724731934863284019,2000-08-15,Nordeste,0,Serviços,HOTMAIL,PEQUENO,Nordeste
314309872114206760,2011-02-14,Sul,0,Unknown,YAHOO,GRANDE,Sul
2250817603281429928,2001-05-31,Sul,0,Comércio,YAHOO,GRANDE,Sul
5301988619224057921,2016-02-24,Centro-Oeste,0,Indústria,GMAIL,Unknown,Centro-Oeste
3248432590399829766,2000-08-15,Sudeste,0,Comércio,YAHOO,MEDIO,Sudeste
4095739077267179172,2011-02-14,Sudeste,0,Comércio,YAHOO,PEQUENO,Sudeste
2092588065958607289,2006-07-18,Centro-Oeste,0,Comércio,YAHOO,GRANDE,Centro-Oeste
1078687383992817574,2000-08-15,Sul,0,Indústria,OUTLOOK,GRANDE,Norte
4717593620120611957,2016-08-14,Unknown,0,Comércio,YAHOO,GRANDE,Centro-Oeste
7970976988071755401,2006-09-11,Norte,0,Comércio,YAHOO,GRANDE,Norte
1683619849073499603,2000-08-15,Sudeste,0,Comércio,AOL,GRANDE,Sudeste
8784237149961904,2011-02-14,Sudeste,0,Comércio,HOTMAIL,PEQUENO,Sudeste
6926309382371178621,2012-05-29,Sudeste,0,Serviços,HOTMAIL,GRANDE,Sudeste
5753677550753111444,2014-03-02,Sul,0,Serviços,Unknown,GRANDE,Sul
4524147234488547993,2017-03-09,Centro-Oeste,0,Comércio,HOTMAIL,GRANDE,Centro-Oeste
4347826483121154490,2000-08-15,Sudeste,0,Indústria,YAHOO,MEDIO,Sudeste
6100972975033180377,2015-11-23,Sul,0,Comércio,YAHOO,GRANDE,Sul
4334472256949955221,2012-03-11,Sul,0,Serviços,YAHOO,GRANDE,Sul
2619109825960703851,2003-06-03,Sudeste,0,Serviços,HOTMAIL,GRANDE,Sudeste
2397171153213063761,2016-11-29,Centro-Oeste,0,Indústria,YAHOO,MEDIO,Centro-Oeste
683445437387317282,2011-02-14,Sudeste,0,Indústria,YAHOO,GRANDE,Sudeste
192916471960784723,2017-08-09,Unknown,0,Comércio,Unknown,PEQUENO,Sudeste
2634859679238614382,2000-08-15,Sudeste,0,Comércio,YAHOO,GRANDE,Sudeste
940214356651040716,2013-07-29,Nordeste,0,Indústria,GMAIL,GRANDE,Nordeste
1192891347324061812,2000-08-15,Sudeste,0,Serviços,HOTMAIL,MEDIO,Sudeste
8901696535927078963,2011-02-14,Nordeste,0,Serviços,GMAIL,GRANDE,Nordeste
3022528659032597047,2011-02-14,Sudeste,0,Serviços,AOL,MEDIO,Sudeste
7810315632865163836,2015-11-25,Norte,0,Indústria,YAHOO,MEDIO,Norte
6964108750473070287,2000-08-15,Nordeste,0,Comércio,YAHOO,MEDIO,Nordeste
7818340804682162328,2011-02-14,Sudeste,0,Unknown,HOTMAIL,MEDIO,Sudeste
7671566034617837932,2011-02-14,Centro-Oeste,0,Serviços,YAHOO,GRANDE,Norte
3192341047315717823,2002-01-24,Sudeste,0,Serviços,HOTMAIL,MEDIO,Sudeste
162896151509189921,2017-10-19,Unknown,0,Serviços,HOTMAIL,MEDIO,Norte
8729164666041467296,2014-03-13,Nordeste,0,Serviços,GMAIL,Unknown,Nordeste
2645324649046215594,2011-02-14,Sudeste,0,Serviços,YAHOO,MEDIO,Sudeste
382095722273502031,2011-02-14,Sudeste,0,Indústria,YAHOO,PEQUENO,Nordeste
4795152981525833467,2011-02-14,Sudeste,0,Comércio,YAHOO,GRANDE,Sudeste
2025898153078562640,2007-06-17,Unknown,0,Serviços,GMAIL,PEQUENO,Sudeste
2451708306555441014,2000-08-15,Sul,0,Comércio,YAHOO,MEDIO,Sul
4465150716052427320,2011-02-15,Sudeste,0,Comércio,HOTMAIL,GRANDE,Sudeste
2088532321693492263,2012-08-27,Sudeste,0,Serviços,GMAIL,MEDIO,Sudeste
2530707686830644666,2011-02-14,Sudeste,0,Serviços,HOTMAIL,GRANDE,Sudeste
459290606780222306,2014-08-14,Sul,0,Comércio,YAHOO,PEQUENO,Sul
4061297388883391410,2012-03-11,Sul,0,Serviços,YAHOO,GRANDE,Sul
8961924617442201922,2011-02-14,Sudeste,0,Serviços,GMAIL,MEDIO,Sudeste
4661684997487171886,2015-03-02,Sudeste,0,Indústria,YAHOO,GRANDE,Sudeste
1104269683367198574,2000-08-15,Sudeste,0,Serviços,AOL,PEQUENO,Sudeste
5761480994209806499,2015-12-29,Unknown,0,Comércio,YAHOO,Unknown,Sudeste
4556737702757145073,2011-02-14,Sudeste,0,Serviços,GMAIL,PEQUENO,Nordeste
1368430815953333691,2015-09-14,Sul,0,Indústria,YAHOO,GRANDE,Sul
8915958534285799867,2005-11-24,Sudeste,0,Comércio,AOL,GRANDE,Norte
835441927760881602,2014-08-07,Centro-Oeste,0,Comércio,HOTMAIL,GRANDE,Norte
3218792504195936313,2000-08-15,Unknown,0,Serviços,HOTMAIL,MEDIO,Sudeste
5477900120643078645,2012-12-13,Nordeste,0,Comércio,YAHOO,PEQUENO,Nordeste
3095686599956852697,2015-12-08,Sul,0,Comércio,BOL,MEDIO,Sul
8348574220426911086,2011-02-14,Sudeste,0,Comércio,AOL,PEQUENO,Sudeste
1357573192598249600,2011-02-14,Sudeste,0,Comércio,YAHOO,MEDIO,Sudeste
5522764880180045081,2011-02-14,Sudeste,0,Indústria,BOL,MEDIO,Sudeste
4043546053926060305,2007-02-05,Sudeste,0,Indústria,GMAIL,MEDIO,Sudeste
8512214463586144353,2011-02-14,Sudeste,0,Serviços,OUTLOOK,PEQUENO,Sudeste
837142477962609471,2011-12-22,Sul,0,Serviços,GMAIL,MEDIO,Sul
410843023337872279,2011-02-14,Sudeste,0,Comércio,HOTMAIL,MEDIO,Sudeste
8646472172649019955,2000-08-15,Nordeste,0,Serviços,HOTMAIL,MEDIO,Nordeste
351031887141663937,2015-02-27,Unknown,0,Indústria,GMAIL,GRANDE,Norte
4414438591613884911,2011-02-14,Sudeste,0,Comércio,YAHOO,GRANDE,Sudeste
692350198401528327,2016-10-30,Nordeste,0,Comércio,HOTMAIL,GRANDE,Nordeste
4569866309119931805,2008-06-03,Sudeste,0,Serviços,YAHOO,GRANDE,Sudeste
5999145415800242177,2011-02-14,Sudeste,0,Serviços,YAHOO,GRANDE,Sudeste
7930925883736021864,2014-03-02,Unknown,0,Serviços,YAHOO,GRANDE,Sul
2678966409665050034,2011-02-14,Sudeste,0,Serviços,AOL,MEDIO,Sudeste
4593070249039532001,2000-08-15,Sudeste,0,Comércio,GMAIL,PEQUENO,Sul
7910340581026492945,2000-08-15,Unknown,0,Comércio,YAHOO,GRANDE,Nordeste
5503391736465275980,2007-07-31,Norte,0,Serviços,HOTMAIL,PEQUENO,Norte
6828316696355015040,2009-08-18,Sudeste,0,Comércio,GMAIL,PEQUENO,Sudeste
5854364934896993687,2014-07-22,Nordeste,0,Serviços,YAHOO,PEQUENO,Nordeste
959720947754650706,2017-08-06,Unknown,0,Indústria,YAHOO,MEDIO,Sul
7485107528960607346,2010-08-04,Unknown,0,Comércio,YAHOO,GRANDE,Sudeste
510795635145114083,2009-03-30,Norte,0,Comércio,HOTMAIL,PEQUENO,Norte
6784879562354696650,2000-08-15,Sul,0,Unknown,YAHOO,MEDIO,Sul
984915269987074754,2011-02-14,Sudeste,0,Serviços,Unknown,GRANDE,Sudeste
499242942549937267,2007-10-17,Sudeste,0,Serviços,AOL,GRANDE,Sudeste
6731795019313479942,2000-08-15,Sul,0,Comércio,GMAIL,GRANDE,Sul
3829967475074118757,2007-03-19,Unknown,0,Serviços,YAHOO,GRANDE,Nordeste
252206310123393284,2013-10-21,Sul,0,Serviços,YAHOO,PEQUENO,Sul
4817816966382229074,2012-03-11,Sul,0,Indústria,GMAIL,MEDIO,Sul
6545052034269841737,2016-10-04,Centro-Oeste,0,Indústria,YAHOO,MEDIO,Centro-Oeste
107343823625119033,2000-08-15,Sudeste,0,Indústria,YAHOO,PEQUENO,Sul
3279078057358159966,2015-04-01,Sudeste,0,Serviços,GMAIL,PEQUENO,Sul
5225029212547588718,2000-08-15,Sudeste,0,Comércio,YAHOO,MEDIO,Sudeste
5371387005775513675,2014-02-06,Sudeste,0,Serviços,YAHOO,GRANDE,Sudeste
7347715771145302549,2012-03-11,Sudeste,0,Comércio,YAHOO,MEDIO,Sul
93982185886107798,2011-07-13,Nordeste,0,Comércio,YAHOO,GRANDE,Nordeste
6969348581033924947,2009-08-02,Sul,0,Indústria,OUTLOOK,GRANDE,Sul
7367321179169390502,2015-11-24,Sudeste,0,Comércio,YAHOO,MEDIO,Sudeste
7031913170099381454,2011-02-14,Nordeste,0,Serviços,HOTMAIL,Unknown,Nordeste
7908414709866823255,2012-12-06,Norte,0,Indústria,GMAIL,PEQUENO,Centro-Oeste
649279100559994713,2011-05-16,Centro-Oeste,0,Serviços,Unknown,MEDIO,Centro-Oeste
5897410907783139228,2011-02-14,Sudeste,0,Comércio,GMAIL,GRANDE,Sudeste
8229446069655666941,2011-02-14,Sudeste,0,Comércio,HOTMAIL,Unknown,Sudeste
6271697692808086495,2008-05-22,Sudeste,0,Indústria,YAHOO,MEDIO,Sudeste
8716163053080758848,2017-02-21,Sul,0,Indústria,YAHOO,GRANDE,Sul
3218226066162129945,2015-06-23,Unknown,0,Indústria,HOTMAIL,PEQUENO,Nordeste
1536087798470875922,2018-03-20,Nordeste,0,Indústria,GMAIL,PEQUENO,Nordeste
5860276371789140450,2011-02-15,Norte,0,Serviços,HOTMAIL,GRANDE,Norte
665505091521986356,2011-05-16,Sudeste,0,Serviços,GMAIL,MEDIO,Sudeste
851897122328714307,2011-02-14,Sudeste,0,Comércio,YAHOO,MEDIO,Sudeste
6759864637454708017,2000-08-15,Unknown,0,Serviços,GMAIL,GRANDE,Norte
465309249432033993,2014-07-23,Norte,0,Comércio,GMAIL,GRANDE,Centro-Oeste
824632039241482307,2011-05-19,Nordeste,0,Serviços,YAHOO,MEDIO,Nordeste
3480297543931395935,2018-03-21,Sul,0,Serviços,YAHOO,PEQUENO,Sul
8015571584405428572,2014-02-06,Sul,0,Serviços,GMAIL,MEDIO,Sul
5409960473983330744,2011-02-14,Unknown,0,Serviços,YAHOO,MEDIO,Nordeste
4071158585850879204,2000-08-15,Sudeste,0,Indústria,HOTMAIL,GRANDE,Sudeste
6985631100944640910,2011-02-14,Sudeste,0,Comércio,BOL,GRANDE,Sudeste
1292049196559782171,2013-05-05,Centro-Oeste,0,Serviços,HOTMAIL,MEDIO,Norte
4635578010631860111,2012-03-26,Sul,0,Comércio,GMAIL,GRANDE,Sul
238894451665334246,2014-08-21,Unknown,0,Serviços,YAHOO,MEDIO,Sudeste
7595945751692012281,2011-02-14,Sul,0,Indústria,HOTMAIL,MEDIO,Sul
1958660709350677213,2016-11-22,Centro-Oeste,0,Indústria,GMAIL,MEDIO,Centro-Oeste
1454789421854453615,2006-12-18,Sudeste,0,Serviços,GMAIL,PEQUENO,Sudeste
4614484019183480654,2011-02-14,Sul,0,Indústria,YAHOO,MEDIO,Sul
7541360189313243820,2017-09-20,Sudeste,0,Serviços,BOL,MEDIO,Sudeste
6582676833651678345,2011-02-14,Sudeste,0,Comércio,OUTLOOK,MEDIO,Sudeste
4089244710305890246,2006-08-01,Nordeste,0,Comércio,AOL,GRANDE,Nordeste
2012477868296377155,2011-02-14,Sudeste,0,Indústria,HOTMAIL,MEDIO,Sudeste
3713742318997880410,2000-08-15,Sudeste,0,Comércio,HOTMAIL,PEQUENO,Sudeste
4008627434689715639,2000-08-15,Sudeste,0,Serviços,HOTMAIL,PEQUENO,Sudeste
4335865859049992260,2000-08-15,Sudeste,0,Serviços,HOTMAIL,MEDIO,Sudeste
7816319470107777265,2000-08-15,Sudeste,0,Comércio,YAHOO,MEDIO,Sudeste
6238903426443761049,2016-08-07,Nordeste,0,Serviços,GMAIL,MEDIO,Nordeste
2943087245123311166,2014-03-31,Norte,0,Comércio,HOTMAIL,PEQUENO,Centro-Oeste
5726178124659661019,2015-08-16,Norte,0,Indústria,GMAIL,MEDIO,Norte
7770458886439606839,2017-08-03,Centro-Oeste,0,Serviços,GMAIL,GRANDE,Centro-Oeste
1343849459953365123,2016-10-18,Sudeste,0,Serviços,GMAIL,PEQUENO,Sudeste
5611787644735474299,2000-08-15,Unknown,0,Serviços,HOTMAIL,MEDIO,Sul
5574997762710520717,2011-05-16,Sudeste,0,Unknown,GMAIL,GRANDE,Sudeste
8409181491723988567,2000-08-15,Sudeste,0,Indústria,YAHOO,MEDIO,Sudeste
312543480920432545,2011-02-14,Sul,0,Comércio,GMAIL,PEQUENO,Sul
1210783884008131648,2000-08-15,Unknown,0,Serviços,YAHOO,MEDIO,Sudeste
8828303152301461681,2000-08-15,Sudeste,0,Serviços,GMAIL,GRANDE,Sudeste
662944582644865942,2000-08-15,Nordeste,0,Comércio,YAHOO,GRANDE,Nordeste
7289435138601868544,2014-07-20,Sudeste,0,Serviços,GMAIL,GRANDE,Sul
7325545718770538459,2011-02-15,Sudeste,0,Comércio,AOL,GRANDE,Sul
2658946240987854807,2009-03-30,Centro-Oeste,0,Serviços,BOL,GRANDE,Centro-Oeste
3118683330911759410,2011-02-14,Nordeste,0,Serviços,HOTMAIL,PEQUENO,Nordeste
1036256411320325774,2000-08-15,Sudeste,0,Serviços,YAHOO,PEQUENO,Sudeste
417157680860985231,2000-08-15,Sul,0,Comércio,GMAIL,MEDIO,Sul
8041261093764417881,2011-02-14,Sudeste,0,Comércio,HOTMAIL,GRANDE,Sudeste
5591489215787777256,2011-02-14,Sul,0,Serviços,AOL,GRANDE,Sul
8398000036517692656,2013-06-16,Nordeste,0,Serviços,HOTMAIL,GRANDE,Nordeste
2684293212741157926,2018-07-25,Unknown,0,Comércio,GMAIL,PEQUENO,Sul
234898976850399181,2011-05-16,Sudeste,0,Comércio,HOTMAIL,MEDIO,Sudeste
7231408738455755015,2006-07-26,Sudeste,0,Serviços,HOTMAIL,Unknown,Sudeste
4972567100282306577,2006-07-09,Sudeste,0,Serviços,YAHOO,MEDIO,Nordeste
2508429106201166689,2014-06-02,Nordeste,0,Serviços,GMAIL,GRANDE,Nordeste
2455576782104041698,2000-08-15,Sudeste,0,Comércio,HOTMAIL,GRANDE,Nordeste
361555714683085449,2009-06-11,Sudeste,0,Comércio,GMAIL,GRANDE,Sul
4791195031160012361,2011-11-15,Sudeste,0,Comércio,GMAIL,MEDIO,Sudeste
2290083177086946553,2014-09-18,Sudeste,0,Comércio,AOL,PEQUENO,Sudeste
8195468623809753777,2000-08-15,Sudeste,0,Serviços,HOTMAIL,MEDIO,Sul
6941381638534728190,2017-05-22,Nordeste,0,Serviços,HOTMAIL,MEDIO,Nordeste
6330043096034525408,2015-07-21,Nordeste,0,Serviços,HOTMAIL,PEQUENO,Nordeste
3355881107559250653,2011-02-14,Sudeste,0,Comércio,HOTMAIL,GRANDE,Sudeste
7395696797140470088,2000-08-15,Sudeste,0,Indústria,Unknown,PEQUENO,Sudeste
3275327267689584006,2016-01-31,Norte,0,Indústria,HOTMAIL,MEDIO,Norte
5799279645678609726,2015-11-15,Sul,0,Indústria,HOTMAIL,GRANDE,Sul
4571290108043699959,2000-08-15,Unknown,0,Comércio,GMAIL,GRANDE,Sudeste
4724876423989598202,2011-02-14,Sudeste,0,Indústria,GMAIL,MEDIO,Sudeste
2347028805684088098,2000-08-15,Sul,0,Comércio,YAHOO,GRANDE,Sul
7637066986811047950,2014-09-16,Nordeste,0,Indústria,HOTMAIL,GRANDE,Nordeste
7167988599372526790,2017-07-02,Sudeste,0,Indústria,YAHOO,MEDIO,Sudeste
9206030810342980458,2005-08-08,Sudeste,0,Serviços,HOTMAIL,MEDIO,Sul
7963861799566207637,2000-08-15,Sul,0,Indústria,GMAIL,PEQUENO,Sul
5602023133976834072,2000-08-15,Sul,0,Indústria,YAHOO,GRANDE,Nordeste
3742264304742819339,2016-01-11,Nordeste,0,Comércio,HOTMAIL,MEDIO,Nordeste
170089315547146305,2000-08-15,Sudeste,0,Serviços,HOTMAIL,GRANDE,Sudeste
8231834408402328152,2011-02-14,Sudeste,0,Serviços,Unknown,MEDIO,Sudeste
968199235777440720,2011-02-15,Centro-Oeste,0,Serviços,YAHOO,MEDIO,Centro-Oeste
4202876623878743806,2009-04-28,Sudeste,0,Serviços,YAHOO,GRANDE,Sudeste
7457803471605010846,2000-08-15,Unknown,0,Serviços,GMAIL,GRANDE,Sul
968400235888951633,2014-02-02,Unknown,0,Comércio,YAHOO,PEQUENO,Sul
7571271990906543121,2011-02-15,Unknown,0,Serviços,AOL,MEDIO,Sudeste
7177785309735471560,2014-02-02,Sul,0,Serviços,GMAIL,MEDIO,Sul
3472934456083131714,2011-02-14,Sudeste,0,Indústria,YAHOO,GRANDE,Sudeste
1118514612547157551,2013-10-31,Centro-Oeste,0,Serviços,YAHOO,PEQUENO,Norte
5888474320320735000,2014-12-22,Norte,0,Indústria,GMAIL,GRANDE,Nordeste
5606267905834401873,2012-10-01,Sul,0,Indústria,YAHOO,MEDIO,Sul
2763141362035716801,2011-02-14,Sudeste,0,Comércio,GMAIL,PEQUENO,Sudeste
6617479989097680138,2006-08-06,Sul,0,Comércio,GMAIL,MEDIO,Sul
2382123267535341265,2011-02-14,Sudeste,0,Serviços,GMAIL,MEDIO,Sudeste
4935929591787890253,2011-02-14,Sudeste,0,Serviços,HOTMAIL,GRANDE,Centro-Oeste
6227190030200106151,2011-02-14,Nordeste,0,Serviços,GMAIL,MEDIO,Nordeste
3095408468798675621,2015-08-09,Sudeste,0,Serviços,GMAIL,MEDIO,Sudeste
5271591321704178730,2014-10-21,Sudeste,0,Serviços,YAHOO,MEDIO,Sudeste
5763886458177210090,2016-12-11,Nordeste,0,Serviços,YAHOO,GRANDE,Nordeste
5791518044186095039,2000-08-15,Unknown,0,Serviços,HOTMAIL,PEQUENO,Norte
2677901391425651891,2000-08-15,Sudeste,0,Serviços,GMAIL,MEDIO,Sudeste
1778014915038250584,2008-12-09,Sudeste,0,Comércio,OUTLOOK,PEQUENO,Sudeste
6198047969028248384,2016-02-23,Centro-Oeste,0,Indústria,YAHOO,GRANDE,Norte
2467590416042313927,2000-08-15,Sudeste,0,Indústria,YAHOO,PEQUENO,Sudeste
1616952665234409442,2011-12-04,Unknown,0,Comércio,YAHOO,GRANDE,Sudeste
6950439982480713649,2011-02-14,Sudeste,0,Comércio,GMAIL,PEQUENO,Sudeste
5462970244186515758,2011-02-14,Sul,0,Comércio,HOTMAIL,MEDIO,Sul
5465001651966355821,2000-08-15,Centro-Oeste,0,Indústria,GMAIL,MEDIO,Centro-Oeste
689004070169545786,2000-08-15,Nordeste,0,Serviços,OUTLOOK,GRANDE,Nordeste
5042877476420217533,2012-03-26,Sul,0,Serviços,YAHOO,GRANDE,Sul
2554972344348383830,2018-03-28,Sul,0,Serviços,GMAIL,GRANDE,Sul
6337915293429442229,2013-11-26,Sudeste,0,Comércio,HOTMAIL,GRANDE,Sudeste
180672270337706285,2004-06-01,Sudeste,0,Serviços,GMAIL,PEQUENO,Sudeste
7590999900861381526,2015-03-19,Nordeste,0,Comércio,HOTMAIL,MEDIO,Nordeste
4183921942053157552,2011-02-14,Unknown,0,Serviços,YAHOO,MEDIO,Sudeste
6916556752218696485,2008-09-11,Sudeste,0,Serviços,OUTLOOK,GRANDE,Sudeste
7182085930008391174,2011-02-14,Sudeste,0,Comércio,AOL,GRANDE,Sudeste
3093415403379897112,2011-02-14,Sudeste,0,Serviços,AOL,MEDIO,Sudeste
6643358471662528195,2014-02-02,Sul,0,Serviços,GMAIL,GRANDE,Sul
1551531256789550891,2011-02-14,Sudeste,0,Serviços,YAHOO,GRANDE,Sudeste
5303720405946805990,2011-02-14,Sul,0,Comércio,YAHOO,GRANDE,Sul
6817075905797098547,2007-05-02,Sudeste,0,Unknown,AOL,GRANDE,Sudeste
2083323809219952960,2000-08-15,Sudeste,0,Indústria,GMAIL,MEDIO,Sudeste
4995217181024687397,2000-08-15,Sudeste,0,Serviços,HOTMAIL,GRANDE,Sudeste
3386019519917828299,2013-04-17,Sudeste,0,Indústria,HOTMAIL,MEDIO,Sudeste
2201150681962815877,2011-02-15,Sul,0,Indústria,YAHOO,GRANDE,Sul
7810985951121711480,2011-02-14,Sudeste,0,Unknown,AOL,MEDIO,Sudeste
5864443060004179363,2000-08-15,Sudeste,0,Serviços,GMAIL,GRANDE,Sul
2768068015169423097,2012-05-08,Sudeste,0,Serviços,YAHOO,GRANDE,Sul
8080988579391900405,2011-02-14,Sul,0,Comércio,GMAIL,PEQUENO,Sul
5369576709077493659,2000-08-15,Sudeste,0,Indústria,GMAIL,GRANDE,Sudeste
1953058402621337677,2017-11-26,Centro-Oeste,0,Indústria,GMAIL,PEQUENO,Norte
2951563549197799278,2000-08-15,Sudeste,0,Comércio,AOL,PEQUENO,Sudeste
8826489829259520138,2011-02-14,Sudeste,0,Comércio,GMAIL,MEDIO,Sul
5082813456193598086,2012-05-21,Sudeste,0,Comércio,GMAIL,GRANDE,Sudeste
670573866376512619,2015-11-12,Sudeste,0,Comércio,HOTMAIL,MEDIO,Sudeste
8684964138237894839,2016-03-09,Sudeste,0,Indústria,YAHOO,GRANDE,Sudeste
5440313607363845188,2000-08-15,Sudeste,0,Serviços,GMAIL,GRANDE,Sul
274692171162531764,2005-08-03,Sudeste,0,Serviços,GMAIL,PEQUENO,Sudeste
761746217261797478,2014-11-03,Sudeste,0,Serviços,YAHOO,GRANDE,Sudeste
1088521227159442264,2000-08-15,Unknown,0,Serviços,YAHOO,PEQUENO,Sul
792560389712312178,2000-08-15,Sudeste,0,Comércio,HOTMAIL,GRANDE,Sul
6030285068945261052,2000-08-15,Unknown,0,Comércio,AOL,MEDIO,Nordeste
660382477567765256,2011-02-14,Sudeste,0,Indústria,YAHOO,MEDIO,Sul
6284433051333854194,2017-03-09,Sudeste,0,Comércio,YAHOO,GRANDE,Sudeste
7696655736121386405,2000-08-15,Sul,0,Comércio,HOTMAIL,GRANDE,Sul
3285246914299291124,2011-02-14,Sul,0,Serviços,HOTMAIL,MEDIO,Sul
2119292203323657032,2012-03-11,Sul,0,Serviços,GMAIL,PEQUENO,Sul
903093877129717133,2000-08-15,Sudeste,0,Serviços,HOTMAIL,GRANDE,Nordeste
7664272163315705419,2011-02-14,Sudeste,0,Serviços,HOTMAIL,MEDIO,Sudeste
5434353421615275749,2011-02-14,Sudeste,0,Indústria,GMAIL,GRANDE,Centro-Oeste
7750874287225529604,2011-02-14,Sudeste,0,Serviços,GMAIL,PEQUENO,Sudeste
1998941557906036376,2011-02-14,Sudeste,0,Comércio,GMAIL,GRANDE,Sudeste
5432443358006556295,2006-01-09,Sudeste,0,Serviços,GMAIL,MEDIO,Sudeste
3036967290595689189,2000-08-15,Sudeste,0,Indústria,AOL,GRANDE,Sudeste
3137879241768961145,2015-04-26,Nordeste,0,Comércio,AOL,GRANDE,Nordeste
5048392903148444335,2011-05-23,Nordeste,0,Indústria,YAHOO,GRANDE,Nordeste
6968106554514688300,2011-05-16,Sudeste,0,Comércio,YAHOO,GRANDE,Sudeste
7751080728852739823,2000-08-15,Sudeste,0,Comércio,HOTMAIL,PEQUENO,Sudeste
5108407319813072955,2000-08-15,Sudeste,0,Comércio,BOL,GRANDE,Nordeste
4327694790333781288,2014-03-02,Sul,0,Serviços,HOTMAIL,PEQUENO,Sul
8505870778358741102,2011-02-14,Nordeste,0,Serviços,GMAIL,GRANDE,Nordeste
257162352336759783,2011-02-14,Sudeste,0,Serviços,YAHOO,GRANDE,Sudeste
6532139198609901627,2011-02-14,Nordeste,0,Serviços,GMAIL,GRANDE,Nordeste
7492389223353246125,2000-08-15,Nordeste,0,Comércio,YAHOO,GRANDE,Nordeste
1553628056929342565,2009-09-29,Unknown,0,Comércio,YAHOO,MEDIO,Nordeste
7720744580848517371,2017-12-10,Norte,0,Serviços,HOTMAIL,MEDIO,Norte
6927178425683104769,2000-08-15,Sul,0,Serviços,AOL,MEDIO,Sul
39547025441582855,2015-02-12,Nordeste,0,Serviços,GMAIL,PEQUENO,Nordeste
8643106054593378360,2015-11-05,Sudeste,0,Serviços,YAHOO,MEDIO,Centro-Oeste
7120090169052575663,2000-08-15,Nordeste,0,Serviços,GMAIL,GRANDE,Nordeste
963687627963462983,2012-03-11,Sul,0,Comércio,BOL,MEDIO,Sul
2335982750277990437,2007-06-10,Centro-Oeste,0,Serviços,AOL,GRANDE,Sudeste
5687511145009775604,2014-12-02,Nordeste,0,Serviços,YAHOO,MEDIO,Nordeste
4489904752023469353,2000-08-15,Sudeste,0,Indústria,GMAIL,GRANDE,Sudeste
8939476669690489534,2009-11-22,Sudeste,0,Comércio,HOTMAIL,PEQUENO,Sudeste
8785648114090695180,2013-07-09,Sudeste,0,Serviços,HOTMAIL,MEDIO,Sudeste
5067621068959932809,2011-02-14,Sudeste,0,Serviços,HOTMAIL,GRANDE,Sudeste
1272921915900711149,2006-09-26,Sudeste,0,Comércio,GMAIL,MEDIO,Sul
5503073374822479037,2000-08-15,Sudeste,0,Indústria,GMAIL,MEDIO,Sudeste
7920896580423665241,2011-02-14,Sudeste,0,Serviços,HOTMAIL,MEDIO,Sudeste
8874257794774679816,2012-04-26,Sul,0,Comércio,GMAIL,MEDIO,Sul
2761181567313020223,2017-04-17,Sudeste,0,Indústria,HOTMAIL,MEDIO,Sudeste
3698481516392183789,2011-02-14,Sul,0,Indústria,GMAIL,MEDIO,Sul
3760177249735580557,2012-03-15,Sudeste,0,Comércio,GMAIL,GRANDE,Norte
8400764778654490278,2016-08-11,Sul,0,Comércio,GMAIL,MEDIO,Sul
7895753719321668294,2017-07-11,Nordeste,0,Serviços,HOTMAIL,GRANDE,Nordeste
8897340779547593728,2017-07-05,Sudeste,0,Indústria,GMAIL,GRANDE,Centro-Oeste
3025708129948185495,2009-10-15,Unknown,0,Comércio,HOTMAIL,PEQUENO,Sudeste
1115703227712697214,2011-02-14,Nordeste,0,Comércio,AOL,MEDIO,Nordeste
5176940320835464459,2011-02-14,Sul,0,Comércio,YAHOO,GRANDE,Sul
3156852928909455203,2009-08-12,Nordeste,0,Serviços,GMAIL,MEDIO,Nordeste
3977861004707764824,2011-02-14,Sul,0,Serviços,GMAIL,GRANDE,Sul
1951407691087813358,2000-08-15,Sudeste,0,Comércio,HOTMAIL,GRANDE,Sudeste
8245393384938410770,2004-12-06,Sul,0,Indústria,HOTMAIL,MEDIO,Sul
5338466578956451922,2018-06-05,Unknown,0,Indústria,GMAIL,GRANDE,Nordeste
187117706370645370,2009-04-01,Centro-Oeste,0,Serviços,YAHOO,MEDIO,Norte
3228830386980584958,2000-08-15,Sul,0,Comércio,YAHOO,PEQUENO,Sul
5988277776808227480,2000-08-15,Sudeste,0,Comércio,YAHOO,Unknown,Sudeste
8305404138704642088,2011-09-27,Centro-Oeste,0,Indústria,GMAIL,GRANDE,Centro-Oeste
1052398277967427422,2013-10-03,Nordeste,0,Serviços,YAHOO,GRANDE,Nordeste
1235244772550233980,2000-08-15,Nordeste,0,Comércio,GMAIL,GRANDE,Nordeste
2466177460692220853,2016-02-23,Sul,0,Serviços,GMAIL,MEDIO,Sul
7108899417216809461,2015-02-19,Norte,0,Indústria,GMAIL,PEQUENO,Norte
3634047863995720708,2015-03-03,Sudeste,0,Serviços,YAHOO,GRANDE,Sudeste
3382624494518753363,2014-11-10,Nordeste,0,Indústria,GMAIL,MEDIO,Nordeste
6134696632487351445,2006-02-22,Sudeste,0,Indústria,OUTLOOK,MEDIO,Sudeste
7436628409157313756,2000-08-15,Sul,0,Indústria,AOL,PEQUENO,Sul
5341957521413340599,2011-02-14,Sul,0,Comércio,BOL,GRANDE,Sul
7779268298304613772,2011-02-14,Sudeste,0,Indústria,GMAIL,GRANDE,Sudeste
2493305884832539159,2000-08-15,Nordeste,0,Comércio,HOTMAIL,PEQUENO,Nordeste
4850722092974676955,2014-10-15,Nordeste,0,Serviços,YAHOO,PEQUENO,Nordeste
6031976689490342098,2000-08-15,Centro-Oeste,0,Comércio,YAHOO,MEDIO,Centro-Oeste
66220087398241662,2016-09-15,Centro-Oeste,0,Comércio,HOTMAIL,MEDIO,Sudeste
49632905576538927,2014-04-27,Sul,0,Comércio,YAHOO,GRANDE,Sul
682352428813668634,2000-08-15,Nordeste,0,Indústria,HOTMAIL,MEDIO,Sudeste
5856610998569876318,2011-02-14,Sudeste,0,Indústria,GMAIL,MEDIO,Sudeste
1343530446996409207,2017-09-27,Sudeste,0,Serviços,HOTMAIL,GRANDE,Sudeste
3660744270380078352,2008-07-21,Centro-Oeste,0,Indústria,HOTMAIL,PEQUENO,Norte
2735662700719640627,2013-09-26,Nordeste,0,Serviços,GMAIL,MEDIO,Nordeste
1000372849175668062,2011-02-14,Sudeste,0,Indústria,HOTMAIL,GRANDE,Sudeste
1069093308328204542,2014-02-02,Sul,0,Serviços,OUTLOOK,GRANDE,Sul
5540361570968095722,2011-02-14,Sudeste,0,Comércio,HOTMAIL,MEDIO,Sudeste
5810778736737569699,2000-08-15,Sudeste,0,Comércio,HOTMAIL,PEQUENO,Sudeste
6521201759558790083,2013-11-18,Sudeste,0,Serviços,OUTLOOK,MEDIO,Sudeste
7451017400765373278,2000-08-15,Sudeste,0,Comércio,OUTLOOK,PEQUENO,Sudeste
9052787288251876909,2014-02-02,Sul,0,Serviços,GMAIL,GRANDE,Sul
3807130563335796378,2009-01-11,Unknown,0,Indústria,HOTMAIL,PEQUENO,Nordeste
4102750661040919723,2018-01-07,Unknown,0,Indústria,GMAIL,GRANDE,Sul
6448580780254847411,2018-05-13,Unknown,0,Indústria,GMAIL,MEDIO,Sul
121658372387044248,2011-02-14,Sudeste,0,Comércio,YAHOO,GRANDE,Sudeste
3898162407838983449,2018-07-25,Unknown,0,Serviços,GMAIL,MEDIO,Sul
8596605705893456305,2013-09-18,Centro-Oeste,0,Comércio,YAHOO,GRANDE,Centro-Oeste
8111050199502844765,2012-05-06,Unknown,0,Serviços,HOTMAIL,MEDIO,Nordeste
511305041047444825,2011-02-14,Nordeste,0,Serviços,YAHOO,GRANDE,Nordeste
7665801401860589626,2011-02-14,Nordeste,0,Serviços,GMAIL,PEQUENO,Nordeste
2128970218770090704,2017-02-07,Centro-Oeste,0,Comércio,YAHOO,GRANDE,Centro-Oeste
5547032541615425352,2000-08-15,Sudeste,0,Serviços,AOL,GRANDE,Nordeste
1637960623843047520,2000-08-15,Sudeste,0,Comércio,HOTMAIL,MEDIO,Sudeste
8215958479134054873,2018-02-14,Unknown,0,Comércio,OUTLOOK,MEDIO,Sul
86110062990790869,2000-08-15,Nordeste,0,Indústria,AOL,GRANDE,Nordeste
3704808902628008971,2000-08-15,Sul,0,Serviços,GMAIL,MEDIO,Sul
5613825020130267729,2016-06-08,Unknown,0,Serviços,YAHOO,MEDIO,Sul
8529899700094903171,2000-08-15,Sudeste,0,Comércio,GMAIL,GRANDE,Sudeste
1308019675417057675,2016-07-28,Centro-Oeste,0,Comércio,BOL,PEQUENO,Centro-Oeste
5460280878923715699,2012-03-11,Sul,0,Comércio,HOTMAIL,MEDIO,Sul
8270671464659850683,2013-09-22,Sul,0,Indústria,HOTMAIL,MEDIO,Sul
8662923640484889291,2011-02-14,Nordeste,0,Comércio,HOTMAIL,GRANDE,Nordeste
6987942592445950913,2000-08-15,Unknown,0,Serviços,HOTMAIL,MEDIO,Sudeste
3238269558731666664,2011-02-14,Sudeste,0,Comércio,OUTLOOK,MEDIO,Nordeste
7085295800541340563,2000-08-15,Sudeste,0,Indústria,YAHOO,MEDIO,Sudeste
7930644815080409701,2011-02-14,Nordeste,0,Comércio,YAHOO,MEDIO,Nordeste
4831939798545673038,2006-08-02,Sul,0,Comércio,GMAIL,GRANDE,Sul
8313765100460016738,2008-09-25,Sudeste,0,Comércio,GMAIL,GRANDE,Sudeste
2022367282554149730,2009-04-01,Unknown,0,Comércio,OUTLOOK,MEDIO,Centro-Oeste
1195244642827484543,2017-09-11,Sudeste,0,Comércio,GMAIL,Unknown,Sudeste
8350724667410677464,2011-05-30,Nordeste,0,Serviços,YAHOO,GRANDE,Nordeste
6486277549325701534,2008-08-11,Sudeste,0,Serviços,HOTMAIL,MEDIO,Sudeste
2785178201607654410,2011-02-14,Sudeste,0,Indústria,GMAIL,PEQUENO,Sudeste
4919908458022265747,2011-02-14,Sudeste,0,Serviços,HOTMAIL,GRANDE,Sudeste
9205015186723569289,2012-03-11,Sul,0,Comércio,GMAIL,PEQUENO,Sul
7722287846688771887,2014-10-23,Sudeste,0,Serviços,HOTMAIL,GRANDE,Sudeste
1874361799315286610,2012-03-11,Sul,0,Indústria,GMAIL,MEDIO,Sul
5884104941462322372,2018-01-07,Centro-Oeste,1,Unknown,GMAIL,GRANDE,Norte
8287608084245946173,2014-03-02,Sul,0,Comércio,YAHOO,MEDIO,Sul
8213533889694327948,2000-08-15,Norte,0,Comércio,GMAIL,MEDIO,Norte
3045840317107313913,2000-08-15,Sudeste,0,Indústria,YAHOO,GRANDE,Sudeste
2214132103234633622,2012-06-04,Sudeste,0,Indústria,YAHOO,MEDIO,Sudeste
7949169060790541229,2000-08-15,Sul,0,Serviços,YAHOO,PEQUENO,Sul
7621083433504010869,2008-07-28,Sudeste,0,Serviços,GMAIL,GRANDE,Sul
5794903898038236832,2000-08-15,Sudeste,0,Serviços,GMAIL,Unknown,Sudeste
6020593949794792044,2014-03-27,Sul,0,Indústria,YAHOO,PEQUENO,Sul
4045739494965095560,2014-01-13,Sul,0,Indústria,YAHOO,MEDIO,Sul
6122719618012473549,2007-11-05,Unknown,0,Indústria,GMAIL,MEDIO,Nordeste
7787306805605072964,2013-06-10,Norte,0,Serviços,GMAIL,PEQUENO,Norte
6824842959463625344,2015-10-15,Unknown,1,Unknown,GMAIL,GRANDE,Sudeste
8503092146854371576,2012-10-15,Nordeste,0,Comércio,OUTLOOK,PEQUENO,Nordeste
3204108603682323936,2015-08-20,Sudeste,0,Serviços,GMAIL,MEDIO,Sudeste
4588313530969303734,2011-02-14,Sudeste,0,Comércio,GMAIL,PEQUENO,Sudeste
5786895437851445408,2012-03-11,Sul,0,Comércio,HOTMAIL,GRANDE,Sul
5122095358293179297,2011-02-15,Sudeste,0,Indústria,GMAIL,MEDIO,Sudeste
2900002014851776114,2014-02-02,Sul,0,Serviços,GMAIL,GRANDE,Sul
3591324331706630867,2014-02-02,Sul,0,Comércio,YAHOO,MEDIO,Sul
1044568737046072781,2009-01-04,Norte,0,Indústria,HOTMAIL,PEQUENO,Centro-Oeste
4749976982519957792,2006-03-01,Sudeste,0,Indústria,YAHOO,MEDIO,Sudeste
5732713959930509093,2012-01-23,Sul,0,Indústria,AOL,GRANDE,Sul
5511113649464808344,2007-05-30,Nordeste,0,Serviços,GMAIL,MEDIO,Nordeste
1613152204777372951,2013-09-02,Nordeste,0,Comércio,GMAIL,MEDIO,Nordeste
696014079855281037,2000-08-15,Sudeste,0,Serviços,GMAIL,Unknown,Sudeste
9089528044547831569,2015-01-22,Sul,0,Comércio,GMAIL,GRANDE,Sul
5880041582322293710,2011-02-14,Sul,0,Comércio,OUTLOOK,GRANDE,Sul
2773493808492482979,2017-02-05,Sul,0,Comércio,YAHOO,PEQUENO,Sul
4740535838297269949,2009-02-09,Sudeste,0,Comércio,YAHOO,MEDIO,Nordeste
8106044482585783481,2015-06-09,Sudeste,0,Serviços,AOL,GRANDE,Sudeste
5577659616907513811,2016-02-24,Norte,0,Serviços,GMAIL,MEDIO,Norte
8570963260597299378,2011-04-05,Sul,0,Indústria,GMAIL,GRANDE,Sul
1559814738862939390,2018-01-28,Norte,0,Indústria,OUTLOOK,MEDIO,Norte
175003104385133396,2012-07-18,Sul,0,Serviços,YAHOO,PEQUENO,Sul
4785355632922927313,2011-08-04,Sudeste,0,Comércio,GMAIL,MEDIO,Sudeste
6217788509719675691,2011-02-14,Sudeste,0,Comércio,GMAIL,MEDIO,Sudeste
5136739522477907100,2014-07-16,Nordeste,0,Indústria,HOTMAIL,MEDIO,Nordeste
3382609338395832683,2014-03-26,Nordeste,0,Comércio,HOTMAIL,GRANDE,Nordeste
6012031176108922616,2007-03-08,Sudeste,0,Indústria,OUTLOOK,PEQUENO,Sudeste
6276792736652545216,2013-04-23,Unknown,0,Indústria,HOTMAIL,MEDIO,Sudeste
8535586342375301953,2017-11-07,Sudeste,0,Comércio,YAHOO,MEDIO,Sudeste
8715120689636420963,2018-02-28,Sul,0,Indústria,GMAIL,GRANDE,Sul
8480109508191086169,2011-02-14,Sudeste,0,Indústria,GMAIL,PEQUENO,Nordeste
6456490958004500912,2011-02-14,Sudeste,0,Serviços,GMAIL,MEDIO,Sudeste
1698828605814171242,2015-05-20,Sudeste,0,Serviços,GMAIL,GRANDE,Sudeste
5263285038415073073,2017-11-06,Norte,0,Serviços,YAHOO,MEDIO,Norte
2606594191222500726,2010-11-23,Nordeste,0,Serviços,GMAIL,Unknown,Sudeste
8248484932270772248,2017-10-24,Nordeste,0,Serviços,YAHOO,GRANDE,Nordeste
4758362594913729429,2016-12-25,Sudeste,0,Comércio,Unknown,MEDIO,Sudeste
6858769421191999702,2000-08-15,Unknown,0,Serviços,YAHOO,GRANDE,Sudeste
2860472732401119424,2013-06-23,Sudeste,0,Indústria,YAHOO,GRANDE,Sudeste
7215093571368368138,2000-08-15,Sudeste,0,Unknown,YAHOO,GRANDE,Sudeste
4942577693958917591,2018-05-17,Sul,0,Comércio,GMAIL,GRANDE,Sul
8332840690177201182,2014-02-19,Norte,0,Serviços,GMAIL,MEDIO,Norte
2819054834565698513,2011-05-16,Norte,0,Serviços,HOTMAIL,PEQUENO,Norte
3161361581909316305,2014-02-02,Sul,0,Indústria,OUTLOOK,PEQUENO,Sul
8405044237103061926,2011-02-14,Sudeste,0,Comércio,HOTMAIL,GRANDE,Sudeste
4444330375740387073,2007-04-19,Centro-Oeste,0,Indústria,OUTLOOK,GRANDE,Norte
4820852183212661131,2011-02-14,Sul,0,Comércio,HOTMAIL,GRANDE,Sul
6547707428090179960,2011-02-14,Nordeste,0,Indústria,HOTMAIL,MEDIO,Nordeste
8292458529987016717,2015-06-10,Nordeste,0,Serviços,OUTLOOK,MEDIO,Nordeste
4831988987853936627,2011-02-14,Sudeste,0,Serviços,HOTMAIL,MEDIO,Sudeste
3724562776372632620,2015-12-17,Unknown,0,Serviços,YAHOO,MEDIO,Nordeste
9127318190908282126,2011-02-14,Sudeste,0,Serviços,YAHOO,PEQUENO,Sudeste
9184785003280841216,2011-02-14,Unknown,0,Comércio,GMAIL,MEDIO,Nordeste
1117184216453911295,2011-02-14,Nordeste,0,Comércio,HOTMAIL,GRANDE,Nordeste
6091519986999196884,2011-02-14,Sudeste,0,Comércio,HOTMAIL,MEDIO,Sudeste
9086764557051796364,2017-08-17,Centro-Oeste,0,Indústria,GMAIL,Unknown,Centro-Oeste
4714214581184951490,2011-02-14,Sudeste,0,Serviços,HOTMAIL,MEDIO,Sudeste
2535803443850893368,2011-02-14,Sudeste,0,Comércio,OUTLOOK,MEDIO,Sudeste
7141263195360679278,2000-08-15,Unknown,0,Comércio,AOL,MEDIO,Sul
7986579715832156923,2015-10-26,Sul,0,Comércio,GMAIL,PEQUENO,Sul
2407532237672094312,2015-05-17,Centro-Oeste,0,Indústria,OUTLOOK,MEDIO,Centro-Oeste
1533755281771668509,2000-08-15,Sul,0,Indústria,Unknown,PEQUENO,Nordeste
8623308321032624474,2015-07-20,Sudeste,0,Comércio,GMAIL,GRANDE,Sudeste
7442192566700924647,2013-04-18,Sudeste,0,Serviços,YAHOO,MEDIO,Sul
652740132671309295,2015-07-13,Sul,0,Indústria,YAHOO,MEDIO,Sul
7992317448197179816,2018-06-24,Unknown,0,Serviços,GMAIL,MEDIO,Sudeste
4079447215339975026,2015-12-08,Sul,0,Indústria,GMAIL,GRANDE,Sul
2369364892942408355,2017-06-25,Sul,0,Comércio,OUTLOOK,MEDIO,Centro-Oeste
6325701146112164499,2013-09-17,Unknown,0,Comércio,GMAIL,GRANDE,Sudeste
7838728548369705327,2013-09-22,Unknown,1,Unknown,GMAIL,GRANDE,Norte
6204723742351094322,2000-08-15,Sul,0,Serviços,OUTLOOK,GRANDE,Sul
1192810733461560329,2011-02-14,Sul,0,Comércio,GMAIL,MEDIO,Sul
9038299527164672091,2014-03-24,Centro-Oeste,0,Comércio,YAHOO,MEDIO,Norte
9098842671739010918,2014-01-05,Norte,0,Comércio,Unknown,MEDIO,Norte
2532435113844289043,2000-08-15,Sudeste,0,Serviços,GMAIL,MEDIO,Sudeste
1741049493106216406,2016-09-05,Centro-Oeste,0,Comércio,OUTLOOK,MEDIO,Centro-Oeste
1492506290963489177,2000-08-15,Sudeste,0,Serviços,HOTMAIL,GRANDE,Sudeste
8889055492416898333,2011-02-14,Sudeste,0,Comércio,GMAIL,GRANDE,Sudeste
7444686668183702737,2018-07-01,Sul,0,Indústria,HOTMAIL,GRANDE,Sul
3027683745465216663,2000-08-15,Sudeste,0,Comércio,YAHOO,GRANDE,Sudeste
3281818438120834833,2015-07-13,Nordeste,0,Serviços,HOTMAIL,MEDIO,Nordeste
5752688018135006198,2018-03-14,Sudeste,0,Indústria,GMAIL,GRANDE,Sudeste
798425422240919854,2000-08-15,Sudeste,0,Serviços,HOTMAIL,GRANDE,Nordeste
4995679129936981612,2013-07-22,Norte,0,Comércio,HOTMAIL,GRANDE,Norte
1182975716201409626,2011-02-15,Sul,0,Serviços,YAHOO,GRANDE,Sul
5274777191770957761,2014-11-26,Centro-Oeste,0,Comércio,OUTLOOK,GRANDE,Sudeste
5487870288449327165,2015-11-08,Norte,0,Comércio,BOL,MEDIO,Norte
6098833389547425063,2015-07-28,Unknown,0,Comércio,GMAIL,GRANDE,Sudeste
7848910047105468475,2018-05-09,Unknown,0,Comércio,GMAIL,GRANDE,Sudeste
5166128847048245697,2000-08-15,Sudeste,0,Comércio,HOTMAIL,PEQUENO,Nordeste
4532469127306079736,2013-10-24,Sudeste,0,Indústria,YAHOO,GRANDE,Sudeste
7870373680211625064,2013-12-09,Norte,0,Comércio,OUTLOOK,MEDIO,Norte
3832944730982767714,2014-06-08,Sudeste,0,Comércio,YAHOO,MEDIO,Sudeste
5255460548789019114,2015-10-26,Sul,0,Serviços,YAHOO,PEQUENO,Sul
8382418367191468432,2018-01-16,Sul,0,Indústria,YAHOO,MEDIO,Sul
780065359501679358,2014-07-03,Norte,0,Indústria,YAHOO,PEQUENO,Norte
5893903674205161232,2011-02-15,Norte,0,Comércio,OUTLOOK,MEDIO,Norte
2408009918678280470,2004-08-29,Norte,0,Comércio,YAHOO,GRANDE,Norte
524026009392362402,2000-08-15,Unknown,0,Serviços,YAHOO,MEDIO,Nordeste
5635781225931111684,2014-04-06,Sudeste,0,Comércio,HOTMAIL,MEDIO,Sudeste
6681781879793693802,2011-02-14,Nordeste,0,Indústria,AOL,MEDIO,Nordeste
8255085612985072878,2013-11-25,Sudeste,0,Comércio,GMAIL,GRANDE,Sul
717981637594591016,2011-02-14,Sudeste,0,Serviços,GMAIL,MEDIO,Sudeste
3195023578711095555,2016-10-25,Sudeste,0,Serviços,YAHOO,GRANDE,Sudeste
6349142675790687765,2012-10-31,Nordeste,0,Serviços,HOTMAIL,PEQUENO,Nordeste
8548612698724688238,2000-08-15,Nordeste,0,Serviços,YAHOO,GRANDE,Sudeste
2020646654269061959,2000-08-15,Unknown,0,Comércio,YAHOO,MEDIO,Norte
8909740532547211288,2011-12-20,Norte,0,Serviços,HOTMAIL,MEDIO,Norte
7330131219998265639,2013-01-16,Sudeste,0,Indústria,YAHOO,MEDIO,Nordeste
8196449005061156808,2011-02-14,Nordeste,0,Serviços,YAHOO,PEQUENO,Nordeste
8522044805243541048,2018-01-07,Sudeste,0,Serviços,HOTMAIL,MEDIO,Sudeste
4704345573576551103,2017-04-24,Sudeste,0,Indústria,YAHOO,MEDIO,Nordeste
1266005398529207853,2018-01-29,Unknown,0,Serviços,HOTMAIL,MEDIO,Sul
7613717984547031729,2011-02-14,Sudeste,0,Indústria,HOTMAIL,MEDIO,Sudeste
8779038337925278543,2014-03-02,Unknown,0,Serviços,HOTMAIL,PEQUENO,Sul
1748142500108801439,2005-02-15,Nordeste,0,Serviços,HOTMAIL,MEDIO,Nordeste
2805743565496207618,2016-11-27,Sudeste,0,Indústria,GMAIL,GRANDE,Sudeste
3306590223632993094,2011-02-14,Sudeste,0,Indústria,HOTMAIL,MEDIO,Sudeste
1088268935649917461,2017-05-17,Norte,0,Serviços,YAHOO,PEQUENO,Norte
2032592272238235730,2009-04-21,Unknown,0,Indústria,YAHOO,MEDIO,Sudeste
8083157716178259762,2014-02-02,Sul,0,Indústria,YAHOO,MEDIO,Sul
1610763516326092136,2016-09-27,Centro-Oeste,0,Serviços,HOTMAIL,MEDIO,Centro-Oeste
5692263270628375692,2000-08-15,Unknown,0,Indústria,YAHOO,MEDIO,Sul
3135499551958202113,2011-02-14,Sudeste,0,Serviços,YAHOO,GRANDE,Sudeste
7176848230239877915,2012-03-11,Sul,0,Comércio,HOTMAIL,MEDIO,Sul
8198518259946944874,2013-01-31,Centro-Oeste,0,Serviços,HOTMAIL,MEDIO,Centro-Oeste
1156082905751962591,2011-05-16,Sudeste,0,Serviços,AOL,PEQUENO,Sudeste
6633838062940819075,2014-03-19,Unknown,0,Serviços,GMAIL,GRANDE,Sul
2179772649873197365,2000-08-15,Sudeste,0,Serviços,HOTMAIL,MEDIO,Sudeste
7686361238195690925,2014-02-02,Sul,0,Serviços,AOL,PEQUENO,Sul
1977574645216036803,2017-02-05,Sudeste,0,Indústria,YAHOO,MEDIO,Sudeste
4566920105008626302,2016-09-28,Sudeste,0,Serviços,HOTMAIL,PEQUENO,Sudeste
5029701292539093910,2011-10-23,Sudeste,0,Comércio,YAHOO,GRANDE,Sudeste
8843432852270832388,2011-02-14,Sudeste,0,Comércio,YAHOO,MEDIO,Sudeste
5047610560952554261,2007-05-06,Unknown,0,Comércio,YAHOO,PEQUENO,Sul
3997247264680905799,2018-06-21,Nordeste,0,Comércio,YAHOO,MEDIO,Nordeste
4342146186255136598,2011-02-14,Unknown,0,Serviços,YAHOO,PEQUENO,Sul
7707459425750676368,2007-09-05,Nordeste,0,Serviços,YAHOO,MEDIO,Nordeste
1177363334134147131,2015-02-08,Centro-Oeste,1,Unknown,YAHOO,GRANDE,Norte
1423952977138155129,2013-11-07,Sudeste,0,Indústria,YAHOO,PEQUENO,Sudeste
3258345688897172820,2000-08-15,Sudeste,0,Comércio,HOTMAIL,PEQUENO,Sul
6368582840625614207,2014-01-13,Sul,0,Serviços,GMAIL,GRANDE,Sul
6581944844073678685,2011-02-14,Sul,0,Comércio,AOL,GRANDE,Sul
9108733472015251498,2017-05-28,Sul,0,Comércio,GMAIL,MEDIO,Sul
4317696664583463091,2018-03-25,Centro-Oeste,0,Comércio,GMAIL,GRANDE,Norte
1617695035450525647,2005-05-05,Sul,0,Comércio,GMAIL,GRANDE,Sul
5358243820364010940,2014-02-02,Sul,0,Serviços,YAHOO,GRANDE,Sul
6754039979151386401,2001-02-04,Nordeste,0,Indústria,GMAIL,MEDIO,Nordeste
4495170040746508204,2017-07-30,Unknown,0,Comércio,HOTMAIL,MEDIO,Sudeste
8013668117699219722,2011-02-14,Sudeste,0,Comércio,YAHOO,GRANDE,Sudeste
7403979270048469991,2000-08-15,Sul,0,Indústria,OUTLOOK,GRANDE,Sul
2033394215069562776,2000-08-15,Sudeste,0,Comércio,HOTMAIL,MEDIO,Sudeste
4769364850030443969,2000-08-15,Sudeste,0,Indústria,HOTMAIL,MEDIO,Sudeste
7710364735942975505,2011-02-14,Sudeste,0,Serviços,Unknown,PEQUENO,Sudeste
3838562409581494430,2009-10-15,Sudeste,0,Serviços,YAHOO,PEQUENO,Sudeste
1007951122586612702,2011-02-14,Sudeste,0,Comércio,BOL,PEQUENO,Sudeste
943965556104738606,2018-02-19,Sudeste,0,Comércio,GMAIL,MEDIO,Sudeste
8854680481766219396,2000-08-15,Nordeste,0,Indústria,YAHOO,GRANDE,Nordeste
1507697130807703164,2000-08-15,Sudeste,0,Serviços,HOTMAIL,GRANDE,Sudeste
3461222267175472398,2000-08-15,Sudeste,0,Indústria,GMAIL,MEDIO,Sudeste
4527499691197377217,2000-08-15,Sudeste,0,Comércio,YAHOO,MEDIO,Nordeste
2380458252615213706,2017-07-03,Sudeste,0,Serviços,YAHOO,MEDIO,Sudeste
1253437108265925705,2018-05-23,Sul,0,Serviços,GMAIL,PEQUENO,Sul
8895896724713458749,2005-04-27,Sul,0,Serviços,YAHOO,MEDIO,Sul
5538710567548269440,2011-02-14,Sul,0,Serviços,GMAIL,PEQUENO,Sul
8926565682509268383,2017-08-06,Centro-Oeste,0,Serviços,BOL,MEDIO,Centro-Oeste
4284129442855564250,2018-01-30,Nordeste,0,Serviços,YAHOO,PEQUENO,Nordeste
5931905128207886847,2016-11-22,Nordeste,0,Comércio,HOTMAIL,GRANDE,Nordeste
4512887927067894301,2013-11-24,Sudeste,0,Comércio,GMAIL,Unknown,Sul
3915426102465954493,2011-02-14,Sudeste,0,Indústria,GMAIL,MEDIO,Sudeste
3605652314611460806,2014-02-02,Unknown,0,Serviços,HOTMAIL,GRANDE,Sul
369512959135194353,2017-10-08,Centro-Oeste,0,Serviços,YAHOO,PEQUENO,Centro-Oeste
687161638293676970,2002-08-19,Sudeste,0,Serviços,AOL,GRANDE,Sudeste
7535160686416710323,2018-05-23,Norte,0,Serviços,GMAIL,GRANDE,Norte
7399534253365121062,2003-10-29,Unknown,0,Comércio,AOL,PEQUENO,Sul
4993499380140734678,2015-11-24,Sudeste,0,Serviços,GMAIL,PEQUENO,Sudeste
7398738404146260251,2012-08-16,Sul,0,Comércio,YAHOO,MEDIO,Sul
3970610368027129821,2016-07-04,Sudeste,0,Comércio,YAHOO,GRANDE,Sudeste
4130617254899676131,2000-08-15,Sudeste,0,Serviços,HOTMAIL,GRANDE,Sudeste
4858887739802767402,2004-08-25,Unknown,0,Comércio,YAHOO,Unknown,Sudeste
8511588642284189303,2018-02-21,Centro-Oeste,0,Comércio,GMAIL,MEDIO,Centro-Oeste
7471183491728700531,2000-08-15,Sudeste,0,Serviços,GMAIL,PEQUENO,Nordeste
7070921952745705273,2018-05-10,Unknown,0,Serviços,GMAIL,MEDIO,Nordeste
7719481195372677540,2011-02-14,Sudeste,0,Indústria,YAHOO,MEDIO,Sudeste
5918810537171565818,2011-02-14,Centro-Oeste,0,Serviços,YAHOO,MEDIO,Centro-Oeste
8252215766413781202,2011-02-14,Sul,0,Comércio,YAHOO,MEDIO,Sul
8437257970907722008,2000-08-15,Unknown,0,Indústria,HOTMAIL,GRANDE,Sudeste
1002362614649347438,2015-01-11,Centro-Oeste,0,Comércio,OUTLOOK,MEDIO,Centro-Oeste
1071717046795982412,2018-02-04,Sul,0,Indústria,GMAIL,GRANDE,Sudeste
5726884001073147293,2011-01-12,Unknown,0,Comércio,YAHOO,GRANDE,Nordeste
4023893292051953692,2014-01-22,Nordeste,0,Indústria,GMAIL,MEDIO,Nordeste
5974858472822751652,2000-08-15,Sudeste,0,Indústria,GMAIL,PEQUENO,Sudeste
5271966906483787417,2016-06-29,Sul,0,Serviços,YAHOO,GRANDE,Sudeste
1696462947583294958,2000-08-15,Sudeste,0,Serviços,BOL,PEQUENO,Sudeste
411246418132008456,2016-12-01,Sudeste,0,Comércio,OUTLOOK,PEQUENO,Sudeste
1708019696828098378,2016-01-21,Unknown,0,Serviços,HOTMAIL,GRANDE,Nordeste
8662805825682258354,2018-08-24,Sudeste,0,Comércio,YAHOO,GRANDE,Sudeste
5528372913947954503,2008-04-17,Norte,0,Serviços,HOTMAIL,PEQUENO,Norte
8733525963966339207,2012-10-01,Nordeste,0,Indústria,GMAIL,MEDIO,Nordeste
2808145376905474927,2011-02-14,Nordeste,0,Serviços,YAHOO,Unknown,Nordeste
6186737197674630993,2011-07-20,Nordeste,0,Serviços,HOTMAIL,GRANDE,Nordeste
6164364689409425900,2014-05-04,Sul,0,Indústria,GMAIL,MEDIO,Sul
1579681122696922043,2000-08-15,Sudeste,0,Comércio,HOTMAIL,MEDIO,Sudeste
3281617395243454427,2017-01-19,Sudeste,0,Comércio,YAHOO,GRANDE,Sudeste
6457349126437565385,2017-07-23,Sul,0,Serviços,YAHOO,MEDIO,Sul
6338963608593807081,2014-04-13,Unknown,0,Serviços,GMAIL,GRANDE,Sudeste
4228782541013845761,2015-04-05,Sudeste,0,Indústria,GMAIL,MEDIO,Sudeste
1414132620714431952,2017-05-29,Sudeste,0,Serviços,GMAIL,GRANDE,Norte
5091704914816802802,2014-08-17,Nordeste,0,Comércio,GMAIL,GRANDE,Nordeste
1718188804678631487,2015-12-20,Sudeste,0,Serviços,AOL,PEQUENO,Sudeste
1310335287370721834,2015-11-05,Centro-Oeste,0,Serviços,GMAIL,GRANDE,Norte
3279417303675586812,2014-09-10,Sudeste,1,Unknown,HOTMAIL,PEQUENO,Centro-Oeste
2762573180349093009,2005-04-12,Unknown,0,Indústria,GMAIL,MEDIO,Centro-Oeste
1334091158016312155,2013-07-14,Sul,0,Serviços,HOTMAIL,GRANDE,Sul
1997130697107291654,2014-06-11,Unknown,0,Comércio,HOTMAIL,Unknown,Norte
7462607259426026440,2011-02-14,Sul,0,Comércio,GMAIL,MEDIO,Sul
8764962131207592182,2015-02-19,Unknown,1,Unknown,HOTMAIL,MEDIO,Norte
7009617206603058827,2013-09-16,Sul,0,Serviços,HOTMAIL,GRANDE,Norte
3571198145319411787,2009-10-15,Sudeste,0,Comércio,HOTMAIL,MEDIO,Sudeste
4224328186225861313,2011-02-14,Sudeste,0,Comércio,YAHOO,GRANDE,Sudeste
2322847438374159400,2016-02-22,Sudeste,0,Comércio,BOL,PEQUENO,Sudeste
710593997981520423,2016-05-04,Nordeste,0,Comércio,GMAIL,PEQUENO,Nordeste
7743291297670529504,2009-07-08,Sudeste,0,Comércio,GMAIL,PEQUENO,Sudeste
5958664040344043635,2014-08-25,Sul,0,Serviços,YAHOO,GRANDE,Sul
6658545687004133787,2017-10-16,Nordeste,0,Serviços,GMAIL,MEDIO,Nordeste
7776069961364493674,2000-08-15,Unknown,0,Serviços,GMAIL,GRANDE,Nordeste
8239483634534704082,2014-08-14,Centro-Oeste,1,Unknown,HOTMAIL,GRANDE,Centro-Oeste
8194803952487492960,2000-08-15,Norte,0,Comércio,HOTMAIL,MEDIO,Norte
665854826624598350,2000-08-15,Sudeste,0,Serviços,GMAIL,MEDIO,Sudeste
1477629972594346481,2000-08-15,Norte,0,Comércio,YAHOO,MEDIO,Centro-Oeste
3931892303497206092,2011-08-17,Norte,0,Comércio,AOL,GRANDE,Centro-Oeste
4355447622071493835,2006-09-20,Unknown,0,Serviços,GMAIL,GRANDE,Sudeste
8895160610329228780,2015-10-28,Unknown,0,Comércio,YAHOO,GRANDE,Sudeste
226405871752897670,2012-08-26,Sul,0,Serviços,HOTMAIL,Unknown,Sul
7189116056401183589,2007-06-17,Unknown,0,Serviços,YAHOO,MEDIO,Nordeste
3384356870037163810,2012-01-22,Sudeste,0,Serviços,AOL,MEDIO,Sudeste
407849532812377755,2018-07-04,Unknown,0,Serviços,YAHOO,MEDIO,Nordeste
3738709098002486952,2011-01-30,Sudeste,0,Serviços,HOTMAIL,GRANDE,Sudeste
7076661330300123587,2012-03-11,Sul,0,Serviços,AOL,MEDIO,Sul
2208316821038817776,2015-12-13,Sudeste,0,Comércio,HOTMAIL,Unknown,Sudeste
6360697608774060650,2017-04-10,Unknown,0,Serviços,HOTMAIL,MEDIO,Sul
6327126166744640429,2013-06-16,Sudeste,0,Serviços,YAHOO,MEDIO,Nordeste
1396078312562623766,2017-07-23,Unknown,0,Serviços,HOTMAIL,MEDIO,Nordeste
3538481420098344176,2015-12-03,Sudeste,0,Serviços,GMAIL,GRANDE,Centro-Oeste
2973474340148068982,2007-07-25,Sudeste,0,Indústria,AOL,MEDIO,Nordeste
8084468342180142818,2013-06-10,Unknown,0,Serviços,GMAIL,PEQUENO,Sul
8090979772607373437,2000-08-15,Unknown,0,Indústria,OUTLOOK,GRANDE,Sudeste
6802042794837915720,2016-03-03,Centro-Oeste,0,Comércio,GMAIL,MEDIO,Centro-Oeste
8510653215962746781,2000-08-15,Sudeste,0,Serviços,GMAIL,GRANDE,Sul
7742577779352014568,2011-11-17,Norte,0,Serviços,HOTMAIL,MEDIO,Norte
351358693430833867,2011-10-02,Sudeste,0,Serviços,YAHOO,MEDIO,Sudeste
5058298901476893676,2014-03-30,Sul,0,Serviços,GMAIL,MEDIO,Sul
3449916817695565675,2006-04-19,Sudeste,0,Comércio,YAHOO,MEDIO,Sudeste
8967780934636007142,2015-09-20,Unknown,0,Comércio,HOTMAIL,MEDIO,Norte
3629889536335411116,2015-08-31,Sudeste,0,Comércio,GMAIL,MEDIO,Sudeste
4863405965754103821,2018-07-31,Nordeste,0,Serviços,GMAIL,PEQUENO,Nordeste
3631603567749349715,2018-01-14,Unknown,0,Comércio,YAHOO,GRANDE,Sul
1711114950158155307,2018-01-09,Sudeste,0,Serviços,GMAIL,GRANDE,Sudeste
4442205629227031623,2013-03-17,Nordeste,0,Comércio,YAHOO,MEDIO,Nordeste
1097345589386012260,2018-08-22,Unknown,0,Comércio,YAHOO,MEDIO,Sudeste
3690886209682028027,2018-10-28,Unknown,0,Serviços,GMAIL,GRANDE,Sul
2852602164375541688,2018-01-25,Sul,0,Comércio,HOTMAIL,GRANDE,Sul
4365965554261111250,2018-03-06,Sudeste,0,Comércio,YAHOO,MEDIO,Norte
2379038595596744457,2015-12-29,Unknown,0,Comércio,OUTLOOK,GRANDE,Sudeste
744649452655516193,2007-04-18,Unknown,0,Comércio,GMAIL,MEDIO,Centro-Oeste
5517114603826429870,2017-07-11,Sul,0,Indústria,GMAIL,GRANDE,Sul
1110185420292414796,2016-01-05,Nordeste,0,Serviços,Unknown,GRANDE,Nordeste
2233850024349336054,2008-06-09,Unknown,0,Serviços,GMAIL,MEDIO,Sudeste
6089029916190588614,2018-09-26,Nordeste,0,Serviços,GMAIL,GRANDE,Nordeste
2218664010734431754,2018-04-17,Unknown,0,Indústria,YAHOO,Unknown,Nordeste
5758033363847724111,2018-10-25,Sul,0,Indústria,HOTMAIL,MEDIO,Sul
7974433795310408854,2016-01-19,Sudeste,0,Serviços,GMAIL,MEDIO,Sudeste
460993244124061972,2012-09-30,Centro-Oeste,0,Comércio,HOTMAIL,GRANDE,Centro-Oeste
2598475569074240783,2012-03-11,Sul,0,Comércio,HOTMAIL,GRANDE,Sul
8536031856585966123,2017-08-06,Sudeste,0,Comércio,YAHOO,MEDIO,Sudeste
2771214050521171719,2018-06-04,Sudeste,0,Serviços,GMAIL,MEDIO,Sul
8244965109768845797,2012-07-01,Sul,0,Comércio,GMAIL,MEDIO,Sul
7913893451349440000,2011-02-15,Norte,0,Indústria,HOTMAIL,MEDIO,Norte
7646606457278894341,2014-07-29,Sul,0,Indústria,GMAIL,PEQUENO,Sul
6085815944092871635,2018-06-13,Sudeste,0,Serviços,YAHOO,GRANDE,Centro-Oeste
8107542605807471599,2017-10-05,Sudeste,0,Serviços,YAHOO,MEDIO,Sudeste
7501763663852779083,2009-12-07,Sudeste,0,Indústria,HOTMAIL,PEQUENO,Nordeste
3592461881055047578,2018-06-24,Unknown,0,Indústria,HOTMAIL,GRANDE,Sudeste
7596151387242724588,2018-06-24,Sudeste,1,Unknown,GMAIL,MEDIO,Centro-Oeste
4591193860232697465,2015-10-06,Unknown,0,Comércio,YAHOO,MEDIO,Sudeste
5091815447165974815,2007-01-16,Sudeste,0,Serviços,AOL,PEQUENO,Centro-Oeste
3555655653190753786,2017-08-21,Unknown,1,Unknown,HOTMAIL,PEQUENO,Nordeste
5795100045494475994,2015-09-07,Sudeste,0,Comércio,HOTMAIL,GRANDE,Sudeste
7986658810701126728,2015-05-11,Centro-Oeste,0,Serviços,HOTMAIL,PEQUENO,Norte
4195747290630173499,2016-09-28,Unknown,1,Unknown,GMAIL,PEQUENO,Sudeste
5875663709136533612,2018-08-05,Sul,0,Serviços,OUTLOOK,GRANDE,Sul
4956614249204803652,2017-06-20,Nordeste,0,Serviços,YAHOO,MEDIO,Nordeste
6815351437572393426,2011-02-23,Sudeste,0,Serviços,Unknown,MEDIO,Sudeste
8012016968380185372,2016-06-16,Unknown,1,Unknown,GMAIL,PEQUENO,Norte
7626832470282570499,2011-02-14,Sudeste,0,Serviços,HOTMAIL,GRANDE,Sudeste
9161263096062288704,2000-08-15,Sudeste,0,Serviços,YAHOO,MEDIO,Sul
1119752495905732753,2014-03-11,Centro-Oeste,0,Indústria,YAHOO,MEDIO,Centro-Oeste
3647763328551943822,2011-11-10,Sudeste,0,Serviços,GMAIL,GRANDE,Nordeste
3153106946088212605,2016-11-20,Centro-Oeste,1,Unknown,OUTLOOK,PEQUENO,Norte
8991419601067014006,2006-09-14,Sudeste,0,Comércio,YAHOO,GRANDE,Sudeste
6878219806053740921,2018-03-07,Sul,0,Serviços,HOTMAIL,PEQUENO,Sul
209314261782935157,2015-01-25,Sudeste,0,Serviços,GMAIL,GRANDE,Sudeste
1891145854263312840,2004-06-23,Sul,0,Serviços,GMAIL,PEQUENO,Sul
2903869860445366876,2018-11-05,Unknown,0,Comércio,YAHOO,MEDIO,Sul
1054275403532840653,2008-08-11,Sudeste,0,Indústria,YAHOO,PEQUENO,Sudeste
8500889177765218320,2016-03-03,Nordeste,0,Indústria,HOTMAIL,MEDIO,Nordeste
5735794880899687600,2006-06-06,Sul,0,Comércio,GMAIL,MEDIO,Sul
18719614953021044,2014-11-16,Sudeste,0,Comércio,OUTLOOK,GRANDE,Nordeste
7405858498198031046,2011-11-07,Centro-Oeste,0,Indústria,YAHOO,PEQUENO,Nordeste
7229721428946324455,2015-05-05,Sul,0,Serviços,YAHOO,GRANDE,Sul
492136427845699874,2003-10-12,Sul,0,Serviços,YAHOO,Unknown,Sul
6213213514675778388,2017-10-30,Sudeste,0,Comércio,HOTMAIL,PEQUENO,Sudeste
4508520363171713861,2011-02-14,Sudeste,0,Serviços,OUTLOOK,PEQUENO,Sudeste
621182491555347581,2018-11-29,Sudeste,0,Indústria,GMAIL,PEQUENO,Sudeste
8924045760456827557,2002-06-11,Sudeste,0,Comércio,YAHOO,GRANDE,Sudeste
5767156338992526776,2018-05-02,Sul,0,Serviços,HOTMAIL,GRANDE,Sul
7971169314678400658,2011-02-14,Sul,0,Indústria,AOL,MEDIO,Sul
5305666299348331173,2016-12-12,Sul,1,Unknown,HOTMAIL,MEDIO,Sul
5786614417091653950,2018-04-11,Nordeste,0,Indústria,YAHOO,GRANDE,Nordeste
9036329217885149501,2018-09-30,Sudeste,0,Comércio,OUTLOOK,MEDIO,Sudeste
6055129522348042687,2000-08-15,Unknown,0,Serviços,YAHOO,MEDIO,Sudeste
8594897944068249710,2018-03-28,Centro-Oeste,0,Serviços,BOL,MEDIO,Centro-Oeste
6796564304742670823,2018-04-02,Centro-Oeste,1,Unknown,BOL,PEQUENO,Norte
1463054873047394970,2016-05-10,Sul,0,Serviços,HOTMAIL,GRANDE,Sul
7468724002190465812,2017-08-06,Unknown,0,Serviços,YAHOO,PEQUENO,Sul
5386962298800892593,2018-05-02,Sul,0,Indústria,YAHOO,MEDIO,Sul
2191990606593345695,2016-02-16,Unknown,0,Indústria,HOTMAIL,MEDIO,Sudeste
1450216906825650643,2018-05-02,Sul,0,Serviços,YAHOO,GRANDE,Sul
3618862169777063942,2012-03-11,Sul,0,Serviços,AOL,MEDIO,Sul
2003221759676247813,2012-04-10,Sul,0,Comércio,AOL,PEQUENO,Sul
8185063234515056194,2011-06-13,Sudeste,0,Serviços,GMAIL,MEDIO,Centro-Oeste
2300515430178950292,2004-01-28,Unknown,0,Comércio,GMAIL,PEQUENO,Sudeste
3075783375726664899,2016-01-21,Sudeste,1,Unknown,AOL,MEDIO,Sudeste
295375823203017296,2015-08-10,Sudeste,0,Serviços,YAHOO,PEQUENO,Sudeste
4626249002057685539,2016-01-26,Sudeste,0,Comércio,YAHOO,GRANDE,Sudeste
1687017009357941608,2007-06-11,Norte,0,Unknown,HOTMAIL,GRANDE,Norte
4537982850248578883,2018-09-19,Unknown,0,Serviços,GMAIL,MEDIO,Sudeste
2549266739079962864,2016-02-03,Norte,1,Unknown,HOTMAIL,MEDIO,Centro-Oeste
2687720147676132707,2006-01-01,Sudeste,0,Comércio,YAHOO,GRANDE,Sul
6546850858912852316,2018-02-21,Norte,0,Serviços,GMAIL,GRANDE,Norte
5078307295214858596,2018-12-13,Unknown,0,Serviços,GMAIL,PEQUENO,Nordeste
5198904647759787695,2000-08-15,Sudeste,0,Indústria,YAHOO,MEDIO,Sudeste
1033361676287635885,2013-10-03,Sudeste,0,Indústria,GMAIL,MEDIO,Sul
3474419084491017271,2014-03-16,Sudeste,0,Comércio,BOL,PEQUENO,Nordeste
8173830874846355280,2011-02-14,Sudeste,0,Serviços,GMAIL,GRANDE,Sudeste
2556046726800414568,2014-07-31,Sul,0,Serviços,OUTLOOK,GRANDE,Sul
6594970822995540982,2014-01-19,Unknown,0,Serviços,YAHOO,MEDIO,Norte
6056959220685085102,2016-08-01,Nordeste,0,Serviços,GMAIL,PEQUENO,Nordeste
5010695957153856148,2017-10-25,Norte,0,Indústria,YAHOO,GRANDE,Centro-Oeste
8106460788895393927,2018-09-20,Nordeste,0,Serviços,HOTMAIL,GRANDE,Norte
8487807876567995441,2000-08-15,Sudeste,0,Unknown,YAHOO,MEDIO,Sudeste
7719877724419004325,2018-04-29,Sudeste,0,Indústria,GMAIL,MEDIO,Sudeste
3632378524835692731,2017-06-08,Sudeste,0,Indústria,GMAIL,GRANDE,Sul
1430896989654626045,2018-12-10,Nordeste,0,Comércio,HOTMAIL,GRANDE,Nordeste
7503582542949284252,2011-02-15,Norte,0,Comércio,HOTMAIL,MEDIO,Nordeste
8271604276097280304,2013-05-05,Sudeste,0,Comércio,BOL,MEDIO,Sudeste
86436955037443683,2019-01-03,Unknown,0,Serviços,GMAIL,PEQUENO,Sudeste
5383359512938607117,2017-07-30,Centro-Oeste,0,Comércio,YAHOO,MEDIO,Centro-Oeste
7204322229254419755,2006-11-07,Unknown,0,Serviços,YAHOO,MEDIO,Sul
6598561842700412652,2018-12-05,Unknown,0,Comércio,YAHOO,Unknown,Sudeste
8911073840712901131,2018-01-08,Sudeste,0,Comércio,GMAIL,MEDIO,Sudeste
1041113202992808157,2014-09-29,Unknown,1,Unknown,Unknown,PEQUENO,Norte
6535074478489939949,2014-11-17,Centro-Oeste,0,Indústria,GMAIL,PEQUENO,Norte
8774171337110190597,2018-04-17,Sul,0,Indústria,GMAIL,MEDIO,Sul
6574147480097265454,2000-08-15,Nordeste,0,Serviços,HOTMAIL,MEDIO,Nordeste
5287265869592025756,2000-08-15,Sudeste,0,Comércio,AOL,PEQUENO,Sudeste
6367769402148499693,2018-08-30,Sudeste,0,Indústria,AOL,MEDIO,Sudeste
6686011791459443533,2014-06-08,Sudeste,0,Indústria,GMAIL,GRANDE,Sudeste
6669879342590884634,2011-02-14,Nordeste,0,Serviços,Unknown,GRANDE,Nordeste
3423512048884192208,2016-12-21,Unknown,1,Unknown,GMAIL,GRANDE,Sudeste
879621668242949113,2016-03-15,Norte,0,Indústria,HOTMAIL,MEDIO,Centro-Oeste
8609938720215175911,2010-07-26,Unknown,0,Indústria,YAHOO,MEDIO,Sudeste
2108598473865910131,2013-06-25,Sudeste,0,Indústria,GMAIL,MEDIO,Sudeste
2006188298374001315,2018-07-29,Norte,0,Comércio,YAHOO,GRANDE,Norte
3447213159487287154,2015-09-13,Sul,0,Indústria,GMAIL,GRANDE,Sudeste
2209806355660046187,2015-08-20,Nordeste,0,Serviços,YAHOO,PEQUENO,Nordeste
1462395707491634845,2013-07-29,Sul,0,Comércio,HOTMAIL,MEDIO,Sul
6632750819478927641,2019-02-18,Sudeste,0,Indústria,HOTMAIL,GRANDE,Sudeste
6535356415509860671,2016-12-27,Centro-Oeste,0,Comércio,HOTMAIL,GRANDE,Norte
1179133757491860792,2016-08-16,Centro-Oeste,0,Serviços,GMAIL,MEDIO,Norte
5425069937553115144,2012-05-15,Centro-Oeste,1,Unknown,GMAIL,GRANDE,Centro-Oeste
6789516822626221575,2000-08-15,Sudeste,0,Comércio,AOL,GRANDE,Sudeste
4915404990154267899,2013-12-26,Sudeste,0,Serviços,HOTMAIL,MEDIO,Nordeste
1929055606777178697,2015-12-10,Centro-Oeste,0,Comércio,HOTMAIL,GRANDE,Norte
3592639146446725280,2000-08-15,Centro-Oeste,0,Indústria,HOTMAIL,GRANDE,Norte
3950448152833572077,2019-02-20,Unknown,0,Comércio,YAHOO,GRANDE,Sul
5481711897502154955,2018-06-13,Sudeste,0,Serviços,OUTLOOK,MEDIO,Sudeste
6636325081217917184,2013-04-16,Sul,0,Comércio,GMAIL,GRANDE,Sul
1153069952490761717,2000-08-15,Sudeste,0,Comércio,HOTMAIL,GRANDE,Nordeste
1963239178085807816,2006-10-24,Norte,0,Comércio,GMAIL,GRANDE,Nordeste
6693885248277625807,2018-12-23,Sudeste,0,Comércio,GMAIL,GRANDE,Sudeste
4110562609148185966,2000-08-15,Sul,1,Unknown,GMAIL,GRANDE,Norte
5689766561863956319,2019-02-26,Nordeste,0,Serviços,YAHOO,MEDIO,Nordeste
2278650548373578523,2018-11-07,Sudeste,0,Indústria,GMAIL,GRANDE,Sudeste
7246466789138290692,2011-12-25,Norte,0,Indústria,YAHOO,MEDIO,Norte
4675067298171588603,2018-07-12,Sudeste,0,Comércio,HOTMAIL,GRANDE,Sudeste
7884973711049495555,2017-08-02,Centro-Oeste,0,Serviços,GMAIL,GRANDE,Norte
1152891199251773092,2012-09-23,Centro-Oeste,0,Comércio,HOTMAIL,Unknown,Centro-Oeste
7268895973869107930,2019-01-31,Centro-Oeste,0,Serviços,YAHOO,GRANDE,Centro-Oeste
186296161813079768,2000-08-15,Sudeste,0,Comércio,HOTMAIL,Unknown,Nordeste
339550163159506478,2018-05-10,Sul,0,Indústria,HOTMAIL,MEDIO,Sul
8576047157867370630,2012-04-19,Sudeste,0,Serviços,GMAIL,PEQUENO,Sudeste
4235751964155364215,2019-03-13,Sudeste,0,Indústria,HOTMAIL,GRANDE,Centro-Oeste
4741325322140814572,2019-03-21,Sul,0,Indústria,YAHOO,MEDIO,Sul
5790563179715256679,2016-07-26,Norte,0,Indústria,HOTMAIL,GRANDE,Norte
6309684992153258710,2018-09-05,Sudeste,0,Serviços,GMAIL,Unknown,Sudeste
2573553293518763494,2018-03-13,Sudeste,0,Indústria,YAHOO,PEQUENO,Sudeste
1543875954928694094,2015-05-17,Unknown,0,Indústria,HOTMAIL,PEQUENO,Sul
4937566934664053767,2011-09-29,Centro-Oeste,0,Comércio,YAHOO,MEDIO,Centro-Oeste
7105441534376526569,2018-10-25,Unknown,0,Serviços,YAHOO,PEQUENO,Sudeste
8750804459957303037,2000-08-15,Nordeste,0,Serviços,HOTMAIL,GRANDE,Nordeste
5334845483867106835,2018-05-06,Nordeste,0,Serviços,HOTMAIL,GRANDE,Nordeste
2302464746243069589,2011-02-14,Sudeste,0,Indústria,HOTMAIL,PEQUENO,Sudeste
4155987877874087356,2018-11-13,Sudeste,0,Indústria,GMAIL,MEDIO,Sudeste
4508632759077888376,2013-05-05,Unknown,0,Comércio,AOL,MEDIO,Sudeste
5327139240004330145,2008-04-14,Centro-Oeste,0,Serviços,YAHOO,GRANDE,Centro-Oeste
8918635099296971351,2019-03-13,Sudeste,0,Serviços,YAHOO,MEDIO,Centro-Oeste
2499050168966442376,2014-09-15,Sudeste,1,Unknown,HOTMAIL,MEDIO,Sudeste
2260816603683347518,2019-03-13,Unknown,0,Comércio,OUTLOOK,GRANDE,Sul
4537268360654655629,2019-01-27,Sul,0,Indústria,OUTLOOK,PEQUENO,Sul
7829456717134984253,2017-06-01,Sul,0,Indústria,AOL,MEDIO,Sul
1995032058960709559,2019-03-12,Centro-Oeste,0,Indústria,GMAIL,MEDIO,Norte
4714187554103729432,2016-06-27,Unknown,0,Indústria,YAHOO,GRANDE,Sudeste
8846153146417722343,2000-08-15,Nordeste,0,Indústria,GMAIL,MEDIO,Nordeste
6242636379248496392,2019-02-26,Unknown,0,Indústria,GMAIL,MEDIO,Sul
1378864119919978132,2006-04-23,Sudeste,0,Indústria,HOTMAIL,PEQUENO,Sudeste
3817166896467413658,2019-03-14,Sudeste,0,Indústria,HOTMAIL,MEDIO,Sudeste
4762091269593841283,2014-08-11,Nordeste,0,Indústria,Unknown,PEQUENO,Nordeste
7142043104834932013,2017-09-27,Nordeste,0,Serviços,HOTMAIL,PEQUENO,Nordeste
4631736838128525597,2016-04-19,Unknown,0,Comércio,Unknown,Unknown,Sudeste
8559143756893267192,2006-06-28,Sudeste,0,Serviços,GMAIL,PEQUENO,Sudeste
3970572142453508637,2018-10-03,Unknown,0,Comércio,HOTMAIL,MEDIO,Centro-Oeste
1962421014232423027,2011-02-14,Sudeste,0,Comércio,YAHOO,MEDIO,Sudeste
5306165689101138983,2013-09-05,Sudeste,0,Serviços,GMAIL,MEDIO,Sudeste
8859064595603380512,2000-08-15,Unknown,0,Indústria,GMAIL,GRANDE,Sudeste
6216982347344525048,2019-04-14,Nordeste,0,Indústria,GMAIL,PEQUENO,Nordeste
2778852475840838977,2019-03-18,Unknown,0,Comércio,YAHOO,GRANDE,Nordeste
4980232475645447238,2017-08-06,Sul,0,Comércio,AOL,PEQUENO,Sul
2146740087301789516,2003-08-14,Sudeste,0,Serviços,YAHOO,GRANDE,Sudeste
4874157215501489741,2018-08-26,Sudeste,0,Serviços,OUTLOOK,PEQUENO,Sudeste
873223039957991123,2019-06-02,Unknown,0,Serviços,YAHOO,GRANDE,Norte
8343941262792249232,2019-05-28,Sudeste,0,Indústria,HOTMAIL,GRANDE,Sudeste
7968118679747232249,2000-08-15,Sul,0,Comércio,HOTMAIL,MEDIO,Sul
3584082418739794187,2019-03-13,Nordeste,0,Comércio,HOTMAIL,MEDIO,Nordeste
1777508458351542706,2019-05-29,Unknown,0,Serviços,Unknown,GRANDE,Sudeste
4562495119288161876,2019-01-31,Unknown,0,Indústria,HOTMAIL,GRANDE,Sudeste
1129657311668961746,2019-01-21,Unknown,0,Indústria,YAHOO,MEDIO,Nordeste
2567704620177619489,2017-06-04,Sudeste,1,Unknown,AOL,MEDIO,Sudeste
8989558978299738854,2019-05-14,Sul,0,Indústria,YAHOO,GRANDE,Sul
4781359035957376194,2017-06-20,Nordeste,1,Unknown,HOTMAIL,MEDIO,Nordeste
3039015096637567364,2017-06-27,Unknown,1,Unknown,YAHOO,MEDIO,Sudeste
6999154286942764669,2017-04-10,Unknown,0,Serviços,GMAIL,PEQUENO,Norte
1874387298050692165,2014-03-02,Sul,0,Serviços,YAHOO,GRANDE,Sul
700955341024573089,2018-04-08,Unknown,1,Unknown,YAHOO,GRANDE,Nordeste
4375157493619487776,2019-06-25,Centro-Oeste,0,Serviços,BOL,PEQUENO,Centro-Oeste
9156666134024889730,2017-08-06,Unknown,0,Indústria,HOTMAIL,MEDIO,Sul
6143250120040658989,2018-11-04,Sul,0,Comércio,GMAIL,PEQUENO,Sul
5200455618694210402,2015-05-10,Nordeste,0,Comércio,HOTMAIL,PEQUENO,Nordeste
2346482557594782345,2016-12-18,Centro-Oeste,0,Indústria,YAHOO,MEDIO,Norte
6865071386683133124,2019-03-27,Unknown,0,Comércio,Unknown,GRANDE,Nordeste
1348086280988456892,2018-06-14,Sudeste,0,Serviços,YAHOO,MEDIO,Sudeste
6118873739225005756,2019-02-25,Nordeste,0,Serviços,AOL,PEQUENO,Nordeste
2711217152718352107,2008-05-07,Sudeste,0,Indústria,HOTMAIL,MEDIO,Nordeste
3364209707397843685,2019-05-13,Unknown,0,Comércio,GMAIL,MEDIO,Sudeste
7138126049219817285,2019-03-13,Nordeste,0,Serviços,HOTMAIL,MEDIO,Nordeste
6479505064094841194,2019-02-20,Unknown,0,Comércio,YAHOO,PEQUENO,Nordeste
4430825904532764237,2019-02-19,Sudeste,0,Comércio,AOL,GRANDE,Sudeste
2371917341091102894,2019-02-07,Nordeste,0,Serviços,HOTMAIL,MEDIO,Nordeste
5855956854975734380,2018-06-26,Sudeste,0,Comércio,OUTLOOK,GRANDE,Sudeste
7836964432867832146,2018-07-04,Nordeste,0,Serviços,YAHOO,PEQUENO,Nordeste
4104959289203999917,2012-03-11,Sul,0,Comércio,HOTMAIL,GRANDE,Sul
2797247267096799785,2017-07-06,Sudeste,0,Serviços,OUTLOOK,GRANDE,Sudeste
3731278848600349375,2014-02-25,Nordeste,0,Comércio,GMAIL,MEDIO,Nordeste
8745827224909388475,2019-03-12,Sudeste,0,Serviços,AOL,PEQUENO,Sudeste
1141681690629134039,2011-12-07,Unknown,0,Serviços,HOTMAIL,GRANDE,Sudeste
6411753448421231450,2016-06-23,Unknown,0,Comércio,OUTLOOK,MEDIO,Nordeste
2493688222671282470,2019-02-18,Sul,0,Comércio,YAHOO,Unknown,Sul
4090195792518021727,2018-08-26,Nordeste,0,Indústria,Unknown,GRANDE,Nordeste
8374461419511631785,2011-02-14,Norte,0,Comércio,GMAIL,GRANDE,Norte
6662531979151878793,2017-01-11,Sudeste,0,Comércio,GMAIL,GRANDE,Sudeste
5883155883105348987,2011-02-14,Sudeste,0,Comércio,GMAIL,PEQUENO,Nordeste
8552039412779393821,2019-08-01,Unknown,0,Indústria,GMAIL,PEQUENO,Sudeste
424669430335898076,2015-12-02,Unknown,0,Comércio,GMAIL,PEQUENO,Norte
2307201111381758912,2013-06-17,Sudeste,0,Serviços,GMAIL,MEDIO,Sudeste
3263212305228307743,2017-08-06,Sudeste,0,Serviços,GMAIL,MEDIO,Sudeste
843896882208504179,2019-05-16,Unknown,1,Unknown,YAHOO,GRANDE,Sudeste
8047821974672655407,2019-03-28,Unknown,0,Serviços,HOTMAIL,GRANDE,Sul
4210463673385510745,2015-05-28,Nordeste,0,Serviços,HOTMAIL,MEDIO,Nordeste
69766362497027920,2009-09-21,Norte,0,Serviços,HOTMAIL,MEDIO,Norte
4078490786243765404,2010-03-29,Sudeste,0,Comércio,GMAIL,GRANDE,Sudeste
8004409125524742779,2011-02-14,Sul,0,Serviços,YAHOO,PEQUENO,Sul
8748106677402909629,2011-08-23,Norte,0,Comércio,YAHOO,PEQUENO,Centro-Oeste
2859982583195166819,2019-07-09,Sudeste,0,Indústria,HOTMAIL,MEDIO,Sudeste
8609211777002937758,2019-05-27,Sudeste,0,Comércio,YAHOO,GRANDE,Sul
6547872039250784411,2019-09-02,Sudeste,0,Comércio,YAHOO,GRANDE,Centro-Oeste
6832005298160297810,2014-06-08,Sudeste,0,Serviços,HOTMAIL,PEQUENO,Centro-Oeste
3333870869270823799,2019-08-11,Sudeste,0,Comércio,YAHOO,MEDIO,Sudeste
2035700727032031976,2019-07-01,Sudeste,0,Comércio,YAHOO,Unknown,Nordeste
1043585102535564595,2019-02-10,Sudeste,0,Serviços,YAHOO,GRANDE,Sudeste
608816700571896717,2019-03-31,Unknown,0,Comércio,YAHOO,MEDIO,Nordeste
1875708128527882196,2019-03-12,Sul,0,Comércio,YAHOO,PEQUENO,Sul
1082658943827891572,2019-06-09,Unknown,0,Comércio,HOTMAIL,MEDIO,Sudeste
4723919748432185874,2014-03-02,Unknown,0,Serviços,YAHOO,MEDIO,Sul
7061868716439556791,2017-04-10,Unknown,0,Serviços,GMAIL,MEDIO,Sudeste
1864367736036633256,2019-06-30,Unknown,0,Serviços,GMAIL,MEDIO,Sul
6373947691253940364,2019-05-08,Sudeste,0,Serviços,GMAIL,MEDIO,Sudeste
3140918607946425426,2016-05-18,Sudeste,0,Comércio,YAHOO,MEDIO,Nordeste
3685376304786338340,2008-05-04,Sul,0,Comércio,GMAIL,GRANDE,Sul
6914631631926429447,2019-08-27,Sudeste,0,Indústria,HOTMAIL,MEDIO,Sudeste
3511416927745338332,2018-09-05,Sul,0,Serviços,YAHOO,MEDIO,Sul
4862285428951244424,2014-03-19,Sul,0,Comércio,HOTMAIL,MEDIO,Sul
8512418270673092441,2019-08-28,Unknown,0,Comércio,AOL,MEDIO,Centro-Oeste
7889351655716537527,2017-01-11,Sudeste,0,Indústria,OUTLOOK,MEDIO,Sudeste
1273229638516517354,2017-05-18,Nordeste,0,Indústria,HOTMAIL,MEDIO,Nordeste
6871485876456523363,2019-03-12,Sudeste,0,Serviços,HOTMAIL,MEDIO,Sudeste
988707525807573448,2019-10-03,Sul,0,Indústria,BOL,MEDIO,Sul
3906045000005838812,2014-06-25,Centro-Oeste,1,Unknown,YAHOO,MEDIO,Norte
8090492548102964782,2019-10-22,Sudeste,0,Serviços,GMAIL,GRANDE,Sudeste
3543162424793477785,2000-08-15,Sudeste,0,Serviços,YAHOO,GRANDE,Sudeste
5043004928991692540,2019-10-24,Sudeste,0,Comércio,HOTMAIL,MEDIO,Sudeste
8536980239903840341,2019-09-29,Nordeste,0,Comércio,YAHOO,GRANDE,Norte
4997308257850209705,2019-08-29,Sul,0,Indústria,HOTMAIL,GRANDE,Sul
3772710147663076183,2019-09-09,Unknown,0,Comércio,GMAIL,MEDIO,Sudeste
4982042089827666585,2000-08-15,Sudeste,0,Serviços,YAHOO,GRANDE,Norte
1732933177229870014,2019-03-27,Sudeste,0,Indústria,OUTLOOK,Unknown,Norte
5304403477328695520,2019-10-20,Unknown,0,Serviços,YAHOO,MEDIO,Nordeste
493565965354066585,2016-05-17,Unknown,0,Comércio,HOTMAIL,GRANDE,Norte
2978852236996041848,2019-09-25,Sudeste,0,Serviços,OUTLOOK,MEDIO,Sudeste
7524505197759784814,2019-03-12,Sudeste,0,Serviços,YAHOO,GRANDE,Nordeste
1589465774841117651,2012-04-10,Sudeste,0,Serviços,YAHOO,MEDIO,Sudeste
521351744568531135,2019-09-30,Sudeste,0,Comércio,YAHOO,MEDIO,Sudeste
3296374419863077251,2017-03-08,Sudeste,0,Serviços,HOTMAIL,GRANDE,Nordeste
985215297182099989,2003-05-06,Sul,0,Indústria,GMAIL,GRANDE,Sul
1922661714134822818,2019-07-17,Unknown,0,Comércio,YAHOO,PEQUENO,Norte
1849408830951333776,2019-11-24,Unknown,0,Comércio,HOTMAIL,GRANDE,Sul
924957821424248698,2019-09-15,Sudeste,0,Serviços,GMAIL,GRANDE,Sudeste
3820213618605354326,2019-10-14,Sudeste,0,Indústria,GMAIL,GRANDE,Sudeste
2673576168790933175,2019-03-31,Nordeste,0,Comércio,HOTMAIL,MEDIO,Nordeste
5694881483989656694,2000-08-15,Norte,0,Serviços,YAHOO,MEDIO,Centro-Oeste
3888528635045328222,2019-09-09,Centro-Oeste,0,Serviços,HOTMAIL,MEDIO,Sudeste
2813869270515910849,2017-07-09,Sudeste,0,Comércio,HOTMAIL,MEDIO,Sudeste
8097962811568170308,2000-08-15,Nordeste,0,Serviços,HOTMAIL,GRANDE,Nordeste
5101193702106031363,2014-11-05,Unknown,0,Indústria,GMAIL,GRANDE,Sudeste
472772897496154354,2007-09-19,Sul,0,Comércio,GMAIL,GRANDE,Sul
3903290047715748290,2019-10-07,Unknown,0,Indústria,HOTMAIL,PEQUENO,Unknown
8986916198713650374,2016-06-05,Unknown,0,Serviços,GMAIL,MEDIO,Nordeste
3682570285558758138,2018-03-21,Norte,0,Serviços,GMAIL,GRANDE,Norte
550640993893626857,2019-10-06,Unknown,0,Comércio,GMAIL,MEDIO,Nordeste
494641254909702757,2017-10-23,Centro-Oeste,0,Serviços,GMAIL,MEDIO,Norte
2529163714741999839,2015-10-05,Sudeste,0,Indústria,AOL,PEQUENO,Nordeste
189650789135045122,2016-02-02,Sul,1,Unknown,HOTMAIL,GRANDE,Sul
6704528044328834201,2014-11-05,Unknown,0,Indústria,BOL,MEDIO,Sudeste
4487571742607713385,2014-01-08,Sudeste,0,Comércio,GMAIL,GRANDE,Sudeste
334065431792475495,2000-08-15,Sul,0,Serviços,HOTMAIL,GRANDE,Sul
7200509200540839533,2019-08-27,Sudeste,0,Indústria,GMAIL,PEQUENO,Sudeste
2455496390444272119,2018-06-06,Sudeste,1,Unknown,OUTLOOK,GRANDE,Sudeste
5373371196946859811,2015-11-10,Sudeste,0,Serviços,HOTMAIL,GRANDE,Sudeste
255928150711119413,2006-05-03,Sul,0,Comércio,YAHOO,GRANDE,Sul
2973518107081249661,2018-04-04,Centro-Oeste,0,Indústria,GMAIL,MEDIO,Centro-Oeste
7020910424509248025,2019-04-25,Sul,1,Unknown,HOTMAIL,GRANDE,Sul
6693181132429641622,2019-12-12,Unknown,1,Unknown,HOTMAIL,MEDIO,Centro-Oeste
7067471043900250355,2019-09-02,Unknown,0,Serviços,BOL,GRANDE,Sudeste
1071127366397407520,2020-01-07,Unknown,0,Indústria,GMAIL,MEDIO,Sul
2983174282784691273,2019-12-25,Centro-Oeste,0,Indústria,GMAIL,GRANDE,Centro-Oeste
7640249903888628103,2004-03-04,Norte,0,Indústria,GMAIL,MEDIO,Norte
8376902089871279815,2000-08-15,Sudeste,0,Serviços,YAHOO,MEDIO,Sudeste
6721448955097663572,2020-01-12,Nordeste,0,Serviços,GMAIL,PEQUENO,Nordeste
6471448246085839373,2019-11-24,Sul,0,Comércio,YAHOO,GRANDE,Sul
4395421876733405196,2020-01-16,Sul,0,Serviços,HOTMAIL,GRANDE,Sul
866011924076225884,2016-06-06,Norte,0,Serviços,GMAIL,MEDIO,Norte
1692423451726508456,2019-12-02,Centro-Oeste,0,Serviços,BOL,GRANDE,Centro-Oeste
5901769182336230217,2016-05-11,Centro-Oeste,1,Unknown,GMAIL,MEDIO,Norte
113538242419211987,2019-06-20,Sul,0,Comércio,HOTMAIL,MEDIO,Sul
3540559576342636557,2020-02-12,Unknown,0,Indústria,YAHOO,PEQUENO,Sudeste
4850936440093751199,2014-02-09,Sudeste,0,Indústria,GMAIL,GRANDE,Sudeste
5055200744384119654,2019-11-12,Sudeste,0,Serviços,YAHOO,PEQUENO,Sudeste
4649044785270813165,2019-03-14,Nordeste,0,Unknown,HOTMAIL,MEDIO,Nordeste
8162017568751362437,2019-09-20,Unknown,0,Indústria,YAHOO,MEDIO,Nordeste
8873204832986811115,2016-04-27,Sul,0,Serviços,Unknown,MEDIO,Sul
1611146298923153842,2020-01-16,Norte,0,Comércio,YAHOO,MEDIO,Norte
43266641219008038,2020-02-17,Unknown,0,Serviços,GMAIL,GRANDE,Sudeste
8163895533020293251,2019-12-25,Sul,0,Serviços,GMAIL,MEDIO,Sul
3725587489732036460,2019-04-24,Sudeste,1,Unknown,GMAIL,MEDIO,Sudeste
8919892162361650175,2011-02-14,Centro-Oeste,0,Serviços,AOL,GRANDE,Centro-Oeste
5114577082647278423,2000-08-15,Nordeste,0,Comércio,GMAIL,MEDIO,Nordeste
2459664758252154072,2018-01-25,Centro-Oeste,0,Comércio,HOTMAIL,PEQUENO,Sudeste
5995766367666411083,2020-03-24,Unknown,1,Unknown,GMAIL,MEDIO,Norte
4888650984285190697,2020-03-30,Unknown,0,Comércio,Unknown,MEDIO,Sudeste
4351694415353093046,2020-03-30,Unknown,0,Comércio,GMAIL,GRANDE,Sudeste
8099657915545873036,2012-04-10,Sudeste,0,Comércio,GMAIL,MEDIO,Sudeste
209477776078372134,2020-03-24,Unknown,0,Serviços,AOL,GRANDE,Sul
8464809590757561185,2012-04-02,Sudeste,0,Serviços,AOL,MEDIO,Sudeste
705648002974742140,2020-01-26,Centro-Oeste,0,Indústria,YAHOO,MEDIO,Centro-Oeste
3109771318936962520,2020-03-02,Unknown,0,Indústria,GMAIL,MEDIO,Nordeste
3697819710996931657,2011-12-07,Sul,0,Comércio,YAHOO,MEDIO,Sul
2333404192508932057,2016-02-15,Centro-Oeste,0,Indústria,GMAIL,GRANDE,Centro-Oeste
525652670391923872,2018-08-08,Unknown,0,Indústria,GMAIL,GRANDE,Sul
8174633018998080168,2019-11-03,Nordeste,0,Serviços,HOTMAIL,PEQUENO,Nordeste
7911162482760986289,2020-02-17,Sudeste,0,Comércio,HOTMAIL,GRANDE,Sudeste
1738460583932152602,2020-02-06,Sul,1,Unknown,YAHOO,MEDIO,Sul
5282563463193783344,2019-10-29,Unknown,1,Unknown,OUTLOOK,GRANDE,Norte
6394935036014530592,2020-03-03,Sudeste,0,Comércio,Unknown,GRANDE,Sudeste
6885171468891031140,2011-02-14,Sudeste,0,Comércio,YAHOO,MEDIO,Sudeste
7060969657673447359,2016-05-04,Sul,0,Comércio,OUTLOOK,MEDIO,Sul
3536704882799524586,2020-04-28,Unknown,0,Indústria,GMAIL,Unknown,Sul
4170463992215954403,2020-01-26,Sul,0,Serviços,HOTMAIL,MEDIO,Sul
8619312279454356821,2014-05-18,Sudeste,0,Indústria,GMAIL,GRANDE,Sudeste
5714540197488862003,2019-08-19,Unknown,0,Indústria,HOTMAIL,MEDIO,Nordeste
6810366761249506182,2016-12-28,Nordeste,0,Serviços,YAHOO,GRANDE,Nordeste
2005542793747273676,2017-02-01,Centro-Oeste,0,Serviços,YAHOO,GRANDE,Norte
956217406816925982,2013-05-09,Sul,0,Serviços,AOL,MEDIO,Sul
8012945665375811304,2009-05-05,Centro-Oeste,0,Indústria,GMAIL,GRANDE,Centro-Oeste
2839700004795467658,2018-10-01,Unknown,1,Unknown,YAHOO,MEDIO,Centro-Oeste
5162636608292907782,2014-04-07,Sudeste,0,Comércio,GMAIL,GRANDE,Sudeste
1467843186411742274,2019-12-26,Unknown,0,Serviços,GMAIL,MEDIO,Centro-Oeste
1825022747815271956,2016-04-27,Sudeste,0,Indústria,HOTMAIL,GRANDE,Sudeste
3365334263589180925,2019-01-03,Centro-Oeste,1,Unknown,GMAIL,PEQUENO,Norte
3492978633103560560,2011-07-28,Sul,0,Indústria,HOTMAIL,MEDIO,Sul
9101617110967101591,2020-01-02,Sudeste,0,Indústria,GMAIL,GRANDE,Sudeste
2929243640075785940,2020-04-02,Unknown,0,Comércio,GMAIL,GRANDE,Nordeste
8907133353015280586,2020-01-19,Sudeste,0,Comércio,OUTLOOK,GRANDE,Sudeste
3536431875244944563,2020-05-10,Unknown,0,Unknown,GMAIL,GRANDE,Sul
5304536516981778801,2020-02-04,Norte,0,Indústria,Unknown,MEDIO,Norte
5315267409112598781,2020-06-08,Unknown,1,Unknown,GMAIL,GRANDE,Sul
4541506527938763361,2019-06-25,Sul,0,Serviços,YAHOO,MEDIO,Sul
5651190097741301133,2007-05-21,Centro-Oeste,0,Serviços,YAHOO,PEQUENO,Norte
326257359176916767,2019-09-02,Nordeste,0,Indústria,HOTMAIL,MEDIO,Nordeste
7790849460101092738,2017-10-30,Sul,0,Comércio,GMAIL,MEDIO,Sul
8646086919778610813,2020-03-24,Centro-Oeste,0,Serviços,YAHOO,MEDIO,Centro-Oeste
5036870533568879731,2020-06-23,Unknown,0,Indústria,HOTMAIL,MEDIO,Norte
5951322986271477998,2020-05-07,Unknown,0,Serviços,OUTLOOK,MEDIO,Sudeste
8464769152264029983,2017-07-19,Centro-Oeste,1,Unknown,YAHOO,GRANDE,Norte
4187591029730357479,2020-06-18,Unknown,0,Indústria,GMAIL,PEQUENO,Norte
2166129906801669318,2016-07-20,Unknown,0,Indústria,YAHOO,MEDIO,Centro-Oeste
901119221367843192,2020-05-27,Unknown,0,Indústria,AOL,GRANDE,Sul
1574054842704135993,2020-05-13,Sudeste,0,Comércio,GMAIL,PEQUENO,Sudeste
7712263029835111826,2006-08-08,Nordeste,0,Serviços,YAHOO,MEDIO,Nordeste
6448234172949059931,2020-07-07,Unknown,1,Unknown,BOL,GRANDE,Sudeste
8049805689946244047,2017-08-06,Unknown,0,Serviços,YAHOO,MEDIO,Norte
7708030042671632236,2019-03-06,Unknown,0,Comércio,HOTMAIL,Unknown,Sudeste
1093053069479288753,2019-06-17,Unknown,0,Indústria,GMAIL,PEQUENO,Norte
7692335720341018458,2020-06-22,Sudeste,0,Indústria,YAHOO,MEDIO,Sudeste
8060154314331993193,2019-10-15,Unknown,0,Indústria,HOTMAIL,PEQUENO,Sudeste
4641659186059167709,2017-08-06,Centro-Oeste,0,Serviços,GMAIL,GRANDE,Sudeste
6081226091774593903,2018-12-03,Unknown,0,Serviços,GMAIL,GRANDE,Nordeste
4604807967654337091,2017-08-06,Sul,0,Comércio,GMAIL,PEQUENO,Sul
1801648099512442340,2019-11-06,Unknown,0,Serviços,HOTMAIL,Unknown,Sudeste
6765961450216188291,2019-11-20,Sul,0,Serviços,HOTMAIL,PEQUENO,Sul
2444743522510084109,2018-11-26,Unknown,0,Comércio,HOTMAIL,GRANDE,Centro-Oeste
7038761645302069945,2020-07-21,Sul,0,Comércio,YAHOO,MEDIO,Nordeste
7529137091657891207,2019-12-08,Unknown,0,Comércio,YAHOO,GRANDE,Sudeste
2988042199057874759,2020-07-13,Sudeste,0,Serviços,HOTMAIL,MEDIO,Sudeste
4165983075385227812,2020-06-28,Sudeste,0,Comércio,YAHOO,MEDIO,Sudeste
3408536439470975134,2006-07-10,Sul,0,Indústria,AOL,PEQUENO,Sul
1156053485989336481,2011-02-14,Sudeste,0,Comércio,GMAIL,PEQUENO,Sudeste
2446803760137518909,2019-10-30,Unknown,0,Serviços,GMAIL,MEDIO,Norte
8385636129786687263,2000-08-15,Sudeste,0,Comércio,YAHOO,MEDIO,Sul
1329553496073467331,2020-06-29,Sul,0,Indústria,YAHOO,GRANDE,Sul
1594877745775952421,2020-02-05,Unknown,0,Comércio,GMAIL,PEQUENO,Norte
8706851346184249504,2000-08-15,Sudeste,0,Serviços,HOTMAIL,GRANDE,Sudeste
4137237863152538907,2020-08-06,Unknown,0,Indústria,YAHOO,Unknown,Sudeste
8603678028264007695,2019-03-20,Sudeste,0,Serviços,YAHOO,MEDIO,Nordeste
8463871205935856285,2020-05-04,Unknown,0,Serviços,HOTMAIL,GRANDE,Sul
7999843484680834128,2020-08-09,Unknown,0,Serviços,YAHOO,MEDIO,Nordeste
287529573188507001,2019-05-01,Sul,0,Serviços,GMAIL,MEDIO,Sul
5401282050253009067,2018-04-16,Unknown,0,Serviços,GMAIL,MEDIO,Nordeste
3357976326879346012,2020-06-04,Unknown,0,Indústria,YAHOO,PEQUENO,Norte
1931676870336388249,2015-10-05,Unknown,1,Unknown,YAHOO,GRANDE,Nordeste
3387580208304842365,2020-06-02,Unknown,0,Serviços,AOL,GRANDE,Sudeste
89342157110910412,2019-07-28,Unknown,0,Unknown,AOL,GRANDE,Sudeste
1757249986361236700,2012-09-27,Sudeste,0,Indústria,GMAIL,MEDIO,Sudeste
864510931144626280,2004-08-23,Unknown,0,Serviços,AOL,MEDIO,Nordeste
1678680306005074426,2020-06-30,Sudeste,0,Serviços,HOTMAIL,MEDIO,Sudeste
9142266044170177362,2020-08-06,Sudeste,0,Serviços,HOTMAIL,MEDIO,Sudeste
191536915328669008,2020-07-12,Sul,0,Serviços,HOTMAIL,MEDIO,Sul
1432499644543625478,2019-12-11,Sul,1,Unknown,GMAIL,GRANDE,Sul
4495596792165551705,2020-06-18,Unknown,0,Comércio,GMAIL,GRANDE,Sudeste
1410427447068048908,2020-01-16,Sudeste,0,Comércio,HOTMAIL,GRANDE,Sudeste
165658847908185334,2020-01-21,Unknown,0,Comércio,GMAIL,PEQUENO,Sudeste
1735718258017802778,2010-05-03,Unknown,0,Serviços,OUTLOOK,PEQUENO,Sudeste
5757271354816214865,2020-07-20,Sul,0,Comércio,GMAIL,MEDIO,Sul
5139850575056151339,2012-10-31,Centro-Oeste,1,Unknown,HOTMAIL,GRANDE,Norte
353597552829913556,2020-03-02,Sul,0,Indústria,YAHOO,GRANDE,Sul
789708718782735131,2020-03-09,Sul,0,Comércio,YAHOO,GRANDE,Sul
1674864668198542837,2020-07-26,Sul,0,Indústria,HOTMAIL,MEDIO,Sul
7215053254854713098,2018-08-21,Unknown,0,Comércio,GMAIL,GRANDE,Nordeste
5558533999208199371,2020-04-05,Unknown,0,Comércio,HOTMAIL,MEDIO,Nordeste
4660230701075746534,2020-06-29,Sul,0,Comércio,GMAIL,GRANDE,Sul
8004521604421988528,2011-02-15,Sudeste,0,Comércio,Unknown,GRANDE,Sudeste
340285351737204923,2018-10-21,Sudeste,0,Indústria,HOTMAIL,MEDIO,Sudeste
4950871361132426979,2019-10-22,Unknown,1,Unknown,HOTMAIL,PEQUENO,Sudeste
8612109591546880230,2020-09-20,Sul,0,Comércio,HOTMAIL,MEDIO,Sul
1675463974205444838,2020-02-06,Unknown,0,Comércio,YAHOO,PEQUENO,Sudeste
201407186688861102,2011-02-14,Sudeste,0,Indústria,HOTMAIL,PEQUENO,Sudeste
2772135008486239291,2017-01-04,Sudeste,0,Comércio,BOL,MEDIO,Sudeste
4018182555897034052,2017-12-27,Sudeste,0,Serviços,YAHOO,PEQUENO,Sudeste
603842189887755265,2000-08-15,Sudeste,1,Unknown,YAHOO,GRANDE,Sudeste
7269781193318890653,2000-08-15,Sudeste,0,Comércio,YAHOO,MEDIO,Sudeste
3258407002716263546,2017-09-07,Centro-Oeste,0,Serviços,GMAIL,MEDIO,Nordeste
8418046305741705080,2019-10-28,Unknown,0,Serviços,HOTMAIL,PEQUENO,Nordeste
6805207507093657474,2015-09-27,Centro-Oeste,0,Serviços,YAHOO,GRANDE,Norte
2106875407768047316,2018-04-15,Unknown,0,Comércio,YAHOO,GRANDE,Sudeste
8407417316873478459,2020-10-04,Sul,0,Serviços,YAHOO,PEQUENO,Sul
5672989126457116995,2016-07-25,Sudeste,1,Unknown,GMAIL,PEQUENO,Norte
622073912578471754,2019-11-26,Unknown,0,Serviços,YAHOO,PEQUENO,Norte
6682793026934039107,2020-06-14,Sudeste,0,Comércio,Unknown,PEQUENO,Sudeste
1827463638348028912,2017-08-06,Unknown,0,Indústria,GMAIL,MEDIO,Sudeste
8994944800097997361,2018-11-25,Sudeste,0,Comércio,BOL,GRANDE,Sudeste
1717812527056208209,2002-07-01,Unknown,0,Serviços,GMAIL,PEQUENO,Nordeste
2539677337815091585,2020-08-30,Unknown,1,Unknown,YAHOO,PEQUENO,Norte
9175443729335908760,2019-03-14,Sul,0,Indústria,Unknown,MEDIO,Sul
7508699125755580600,2020-08-20,Unknown,0,Comércio,GMAIL,GRANDE,Nordeste
7458891296671174680,2008-06-16,Centro-Oeste,0,Comércio,GMAIL,GRANDE,Centro-Oeste
2041629715337841430,2020-09-21,Unknown,0,Comércio,GMAIL,PEQUENO,Sul
6875331984251208712,2014-06-29,Sul,1,Unknown,YAHOO,PEQUENO,Sul
4704892067681576893,2019-11-28,Sul,0,Indústria,YAHOO,MEDIO,Sul
922040072471333951,2014-10-07,Nordeste,1,Unknown,OUTLOOK,PEQUENO,Nordeste
7653720501687957310,2014-10-16,Sudeste,0,Comércio,GMAIL,MEDIO,Sudeste
9089047150245738873,2019-09-18,Nordeste,0,Indústria,HOTMAIL,MEDIO,Nordeste
6724017568171288443,2017-08-06,Unknown,0,Indústria,GMAIL,Unknown,Sudeste
3822753345985951756,2020-11-02,Sul,0,Comércio,YAHOO,PEQUENO,Sul
4900073965147412482,2011-02-14,Nordeste,0,Comércio,OUTLOOK,GRANDE,Nordeste
6080407793834027692,2019-12-15,Centro-Oeste,0,Indústria,YAHOO,GRANDE,Centro-Oeste
1106971614386004604,2019-01-14,Sudeste,0,Serviços,GMAIL,MEDIO,Sudeste
1207306324957395736,2020-10-18,Unknown,0,Indústria,GMAIL,Unknown,Sudeste
2599553738202677545,2020-01-27,Unknown,0,Serviços,GMAIL,GRANDE,Sudeste
5429414161455643517,2019-10-02,Sul,0,Serviços,YAHOO,MEDIO,Sul
3361278050140871809,2018-11-04,Unknown,0,Comércio,OUTLOOK,MEDIO,Nordeste
7944852965555666513,2014-02-04,Norte,0,Indústria,YAHOO,PEQUENO,Norte
1767360303789815418,2017-08-06,Unknown,0,Serviços,OUTLOOK,MEDIO,Sudeste
6053752047545474051,2019-03-19,Sudeste,0,Indústria,YAHOO,MEDIO,Nordeste
280557491372818982,2015-04-15,Sudeste,0,Serviços,YAHOO,PEQUENO,Sudeste
4762256864594914240,2020-07-20,Sul,0,Comércio,GMAIL,MEDIO,Sul
8564920972266217847,2000-08-15,Unknown,0,Indústria,YAHOO,GRANDE,Sul
7566385399893520673,2020-11-05,Sudeste,0,Indústria,YAHOO,PEQUENO,Centro-Oeste
3132055906825373580,2020-11-18,Unknown,0,Serviços,HOTMAIL,PEQUENO,Sudeste
4068666180981979477,2012-08-28,Sul,0,Indústria,YAHOO,GRANDE,Centro-Oeste
1269153452773908541,2020-11-02,Sul,0,Comércio,GMAIL,GRANDE,Sul
3450495264591833682,2020-03-24,Unknown,1,Unknown,HOTMAIL,PEQUENO,Norte
486388963980110890,2020-09-15,Unknown,0,Comércio,GMAIL,Unknown,Sul
5220554216423337036,2014-03-11,Centro-Oeste,0,Comércio,HOTMAIL,GRANDE,Norte
3288665551292018275,2020-09-30,Unknown,0,Indústria,GMAIL,PEQUENO,Nordeste
3520073096970711499,2020-12-29,Unknown,0,Serviços,YAHOO,GRANDE,Nordeste
6715993871935527857,2004-05-04,Sul,0,Comércio,HOTMAIL,Unknown,Sul
5078284853636449041,2020-12-03,Sudeste,0,Comércio,YAHOO,GRANDE,Sudeste
15070048310374146,2019-09-03,Unknown,0,Indústria,GMAIL,MEDIO,Centro-Oeste
5993832136957065909,2020-01-22,Unknown,0,Indústria,GMAIL,PEQUENO,Sudeste
466076526172225947,2020-01-12,Unknown,1,Unknown,YAHOO,PEQUENO,Sudeste
2870813069335519467,2017-04-27,Nordeste,0,Comércio,GMAIL,PEQUENO,Nordeste
4296149971687628223,2019-01-20,Unknown,0,Indústria,BOL,PEQUENO,Sul
5430917218683822543,2020-12-14,Unknown,0,Comércio,GMAIL,PEQUENO,Norte
271068078606473697,2000-08-15,Unknown,0,Serviços,BOL,PEQUENO,Sudeste
8652067663586525909,2020-12-03,Unknown,0,Serviços,YAHOO,PEQUENO,Sudeste
2423803834856770113,2019-10-24,Unknown,0,Serviços,YAHOO,GRANDE,Sudeste
6462952350255736003,2021-01-18,Sudeste,0,Comércio,YAHOO,MEDIO,Sudeste
8046603633355514834,2015-09-02,Sudeste,0,Serviços,YAHOO,MEDIO,Sudeste
3415156360538677905,2020-10-28,Unknown,0,Comércio,Unknown,PEQUENO,Sudeste
5477523784812182605,2021-01-24,Sudeste,0,Indústria,HOTMAIL,PEQUENO,Nordeste
4392369075438855735,2021-01-12,Unknown,0,Serviços,AOL,PEQUENO,Norte
6842075380768862290,2018-01-16,Sudeste,0,Comércio,GMAIL,MEDIO,Sudeste
7171835894416689226,2016-08-01,Unknown,1,Unknown,HOTMAIL,PEQUENO,Centro-Oeste
7975582265869884517,2019-12-08,Sul,0,Indústria,GMAIL,GRANDE,Sul
6795171082935774137,2021-01-18,Unknown,0,Serviços,GMAIL,MEDIO,Sul
5499433941404698208,2014-07-20,Sul,0,Serviços,GMAIL,MEDIO,Sul
6421017287702264778,2019-10-29,Sudeste,0,Unknown,HOTMAIL,GRANDE,Sudeste
6528158819463595826,2020-10-05,Sul,0,Serviços,YAHOO,MEDIO,Sul
3750579377644235511,2020-11-17,Unknown,0,Indústria,YAHOO,GRANDE,Nordeste
1378560407772037118,2021-01-24,Sul,0,Serviços,HOTMAIL,GRANDE,Sul
1059336566956767188,2017-08-06,Unknown,0,Comércio,YAHOO,MEDIO,Sudeste
1788369195969129749,2017-08-06,Sudeste,0,Serviços,HOTMAIL,MEDIO,Sudeste
5555695998591488407,2021-02-03,Unknown,0,Serviços,HOTMAIL,MEDIO,Norte
7012619440863200776,2020-09-10,Unknown,0,Indústria,YAHOO,MEDIO,Sul
2059309318145911751,2020-08-03,Sudeste,0,Comércio,GMAIL,MEDIO,Sudeste
8182741324402757500,2020-08-03,Sudeste,0,Comércio,YAHOO,GRANDE,Sudeste
531805620371082364,2013-12-03,Nordeste,0,Serviços,GMAIL,PEQUENO,Nordeste
6352592240901579272,2019-10-29,Sudeste,0,Comércio,GMAIL,GRANDE,Sudeste
1516155138233618514,2021-01-19,Unknown,0,Comércio,HOTMAIL,PEQUENO,Nordeste
1219954496802643881,2009-12-28,Sul,0,Serviços,GMAIL,GRANDE,Sul
1601160766132778339,2020-07-09,Unknown,1,Unknown,HOTMAIL,GRANDE,Norte
3283662016127058429,2020-11-19,Unknown,0,Indústria,HOTMAIL,MEDIO,Sudeste
2648719990986789645,2015-11-11,Centro-Oeste,1,Unknown,HOTMAIL,Unknown,Norte
7243481239733221490,2021-02-22,Sul,0,Comércio,HOTMAIL,GRANDE,Sul
6342056159430364821,2021-01-24,Sul,0,Comércio,YAHOO,GRANDE,Sul
7327315935390503674,2004-10-27,Unknown,0,Comércio,GMAIL,MEDIO,Nordeste
8680213253228719510,2020-06-23,Unknown,0,Comércio,OUTLOOK,GRANDE,Sudeste
8067924767167570288,2020-09-02,Unknown,0,Serviços,HOTMAIL,PEQUENO,Norte
5883897347879529463,2012-03-11,Sul,0,Serviços,HOTMAIL,GRANDE,Sul
4717717003637613480,2020-03-29,Unknown,0,Serviços,YAHOO,GRANDE,Nordeste
6145308913889808258,2020-06-18,Sul,0,Indústria,GMAIL,GRANDE,Sul
2308217045093677129,2020-09-02,Nordeste,0,Serviços,OUTLOOK,GRANDE,Nordeste
6804531608440296645,2020-12-01,Unknown,0,Comércio,HOTMAIL,MEDIO,Nordeste
4781265535199914934,2021-02-14,Unknown,0,Indústria,YAHOO,GRANDE,Nordeste
3391123212703223634,2018-03-07,Sul,0,Unknown,HOTMAIL,MEDIO,Sul
8566162039485478772,2018-12-03,Unknown,1,Unknown,HOTMAIL,PEQUENO,Norte
7754936094607992857,2019-07-07,Unknown,0,Serviços,YAHOO,PEQUENO,Nordeste
196947474368876692,2020-10-20,Unknown,1,Unknown,HOTMAIL,MEDIO,Sudeste
7875766506153682421,2020-12-06,Unknown,0,Serviços,GMAIL,GRANDE,Sul
2907396925798983079,2011-02-14,Sul,0,Comércio,HOTMAIL,GRANDE,Sul
7815839878620843192,2021-01-17,Unknown,0,Serviços,HOTMAIL,GRANDE,Sudeste
3960251564708868781,2020-02-27,Unknown,0,Serviços,HOTMAIL,GRANDE,Sudeste
2044529419038430248,2017-09-14,Centro-Oeste,0,Serviços,GMAIL,MEDIO,Centro-Oeste
6055278873962623670,2021-02-03,Unknown,0,Serviços,HOTMAIL,PEQUENO,Sudeste
2367878957559232582,2020-07-01,Unknown,0,Comércio,GMAIL,GRANDE,Norte
7221446976321358973,2021-03-29,Sudeste,0,Serviços,BOL,GRANDE,Sudeste
3427563561570116931,2017-08-06,Unknown,0,Comércio,Unknown,MEDIO,Sudeste
7828430488099134389,2020-08-30,Sudeste,0,Indústria,GMAIL,MEDIO,Sudeste
7397206777205091443,2021-01-24,Unknown,0,Serviços,OUTLOOK,GRANDE,Nordeste
3812760626052898456,2021-02-09,Unknown,0,Serviços,GMAIL,MEDIO,Norte
3516294920850464913,2002-06-16,Sudeste,0,Comércio,YAHOO,GRANDE,Sudeste
9099218788416728596,2021-04-12,Unknown,0,Indústria,GMAIL,MEDIO,Nordeste
2780030912070252968,2021-01-21,Sudeste,0,Comércio,Unknown,MEDIO,Sudeste
2149247704125573398,2021-03-18,Unknown,0,Serviços,YAHOO,MEDIO,Norte
8449503736717242889,2021-02-17,Unknown,1,Unknown,YAHOO,GRANDE,Nordeste
4437531414216775863,2019-06-06,Nordeste,0,Comércio,HOTMAIL,MEDIO,Nordeste
2977124904032689291,2020-12-14,Unknown,0,Serviços,YAHOO,GRANDE,Sudeste
1044946691507317745,2020-08-05,Sudeste,0,Serviços,GMAIL,GRANDE,Sudeste
7236776406341522879,2020-12-14,Unknown,0,Indústria,HOTMAIL,GRANDE,Sul
3338087778895249031,2020-02-04,Sul,0,Serviços,YAHOO,PEQUENO,Sul
8222831719332844924,2021-04-13,Unknown,0,Serviços,YAHOO,Unknown,Sudeste
1945147145527703963,2021-03-21,Unknown,0,Serviços,YAHOO,GRANDE,Sul
1712483726555581515,2000-08-15,Sudeste,0,Comércio,YAHOO,MEDIO,Sudeste
4432551314797496562,2021-05-13,Unknown,0,Serviços,GMAIL,MEDIO,Sul
3421433989501830226,2021-04-22,Unknown,0,Serviços,YAHOO,PEQUENO,Nordeste
904857901361577913,2015-04-01,Centro-Oeste,0,Serviços,YAHOO,MEDIO,Norte
1028630885537616736,2017-08-09,Sudeste,0,Indústria,YAHOO,PEQUENO,Sudeste
1399527202590905286,2004-09-23,Unknown,0,Indústria,YAHOO,MEDIO,Nordeste
6722781660631652440,2020-07-21,Nordeste,0,Comércio,YAHOO,PEQUENO,Nordeste
5162621729453966204,2021-04-05,Unknown,0,Indústria,YAHOO,GRANDE,Sul
378019466331075421,2021-02-04,Unknown,0,Serviços,YAHOO,PEQUENO,Nordeste
4828882959520364399,2021-02-04,Unknown,0,Indústria,GMAIL,GRANDE,Sudeste
7347753999527316260,2000-08-15,Unknown,1,Unknown,HOTMAIL,MEDIO,Sudeste
2377020220794016532,2011-02-14,Sudeste,0,Serviços,GMAIL,PEQUENO,Sudeste
1557917925035542527,2021-04-29,Unknown,0,Comércio,YAHOO,PEQUENO,Norte
2225507872831546107,2019-06-02,Nordeste,0,Serviços,HOTMAIL,MEDIO,Nordeste
345033315379741874,2016-01-26,Unknown,0,Comércio,AOL,GRANDE,Sudeste
6597470754117210299,2020-11-10,Centro-Oeste,0,Comércio,GMAIL,GRANDE,Centro-Oeste
5607900901204647807,2021-05-18,Unknown,0,Serviços,YAHOO,MEDIO,Sudeste
2726314736140152277,2021-03-28,Unknown,1,Unknown,HOTMAIL,MEDIO,Sudeste
8503883917639127781,2009-01-29,Sudeste,0,Comércio,YAHOO,PEQUENO,Sudeste
6965502620385519361,2021-05-10,Centro-Oeste,0,Indústria,GMAIL,MEDIO,Centro-Oeste
4141546595629663073,2021-06-08,Unknown,0,Serviços,YAHOO,MEDIO,Sudeste
819552547620904652,2021-03-07,Sudeste,0,Indústria,AOL,PEQUENO,Sudeste
7692330898726665144,2021-06-01,Unknown,0,Comércio,HOTMAIL,PEQUENO,Centro-Oeste
7206599058451025691,2020-01-07,Unknown,0,Comércio,YAHOO,PEQUENO,Centro-Oeste
1420529738304793615,2020-10-28,Unknown,0,Indústria,GMAIL,PEQUENO,Norte
6061850657256270336,2021-05-16,Unknown,0,Serviços,GMAIL,PEQUENO,Sudeste
5220206408301580591,2021-04-08,Sudeste,0,Indústria,GMAIL,GRANDE,Sudeste
8736788139020105764,2021-02-04,Unknown,0,Serviços,HOTMAIL,MEDIO,Sudeste
3148228961195376491,2015-12-13,Unknown,0,Comércio,BOL,MEDIO,Sudeste
2439954154030259398,2019-07-02,Unknown,0,Indústria,BOL,PEQUENO,Sudeste
4799794458216343260,2019-12-30,Sudeste,0,Indústria,OUTLOOK,MEDIO,Sudeste
1246864346193559124,2021-05-06,Unknown,0,Indústria,YAHOO,Unknown,Sul
4853303856126909724,2021-05-24,Unknown,0,Indústria,YAHOO,MEDIO,Sul
2694466161223698243,2021-06-23,Unknown,0,Comércio,YAHOO,PEQUENO,Nordeste
4166581859919473627,2017-08-06,Unknown,0,Comércio,HOTMAIL,MEDIO,Sudeste
4235078665660987689,2017-09-14,Sudeste,0,Serviços,GMAIL,GRANDE,Norte
7628167057144760589,2021-05-05,Unknown,0,Comércio,GMAIL,PEQUENO,Sudeste
2814790209436551216,2021-05-13,Unknown,0,Serviços,YAHOO,MEDIO,Sudeste
6909701795322574613,2015-04-21,Sudeste,0,Serviços,GMAIL,MEDIO,Sul
1234611356650812259,2021-05-12,Unknown,0,Serviços,HOTMAIL,PEQUENO,Sudeste
4121608857053177761,2021-03-11,Unknown,0,Serviços,HOTMAIL,PEQUENO,Nordeste
5993765508162121762,2021-06-28,Unknown,0,Serviços,GMAIL,GRANDE,Nordeste
503021894071666233,2021-04-13,Unknown,0,Serviços,GMAIL,GRANDE,Nordeste
3183208564139585182,2021-07-15,Unknown,0,Comércio,YAHOO,MEDIO,Sul
1956406515279457110,2008-03-31,Sudeste,0,Serviços,HOTMAIL,GRANDE,Sudeste
4662079815415471798,2021-02-04,Unknown,0,Serviços,GMAIL,GRANDE,Sudeste
7260748352873493818,2021-06-17,Sudeste,0,Serviços,GMAIL,MEDIO,Sudeste
6615694774618628402,2021-07-18,Unknown,0,Serviços,HOTMAIL,MEDIO,Sudeste
8707474618041058293,2021-02-03,Sudeste,0,Comércio,GMAIL,GRANDE,Sudeste
4677213860368191144,2021-06-14,Sudeste,0,Indústria,YAHOO,PEQUENO,Sudeste
2386535178006664233,2020-08-10,Unknown,1,Unknown,HOTMAIL,Unknown,Centro-Oeste
1285245417998627607,2021-07-06,Unknown,0,Indústria,YAHOO,GRANDE,Nordeste
8835646476961190471,2021-06-28,Unknown,0,Indústria,YAHOO,GRANDE,Centro-Oeste
4050525344257805036,2021-05-03,Unknown,0,Comércio,AOL,MEDIO,Centro-Oeste
1658487213084590146,2020-10-27,Sudeste,0,Indústria,GMAIL,GRANDE,Sudeste
7957786135641291906,2021-04-14,Unknown,1,Unknown,YAHOO,PEQUENO,Sudeste
6978269497652315763,2016-07-31,Unknown,0,Indústria,YAHOO,PEQUENO,Centro-Oeste
7478791630746523220,2021-05-12,Unknown,0,Unknown,HOTMAIL,GRANDE,Centro-Oeste
5986344948775572227,2021-06-28,Unknown,1,Unknown,YAHOO,MEDIO,Sul
2310272650667756227,2021-07-05,Unknown,0,Indústria,OUTLOOK,GRANDE,Sudeste
2432667449154431819,2021-07-14,Unknown,0,Comércio,YAHOO,GRANDE,Sudeste
9060693308980292489,2020-12-29,Unknown,0,Serviços,GMAIL,MEDIO,Norte
4898797487317475277,2011-02-14,Sudeste,0,Comércio,OUTLOOK,GRANDE,Sudeste
1668564607105585557,2021-07-05,Unknown,0,Serviços,BOL,MEDIO,Sul
5376084855227654309,2008-06-18,Centro-Oeste,0,Comércio,HOTMAIL,MEDIO,Sudeste
5448628641564935127,2021-03-24,Unknown,0,Serviços,YAHOO,GRANDE,Sul
4559400286159883576,2017-07-10,Unknown,0,Indústria,GMAIL,MEDIO,Sul
4189705495607963592,2020-10-26,Sudeste,0,Serviços,HOTMAIL,PEQUENO,Sudeste
8829286411654484379,2021-04-13,Unknown,0,Comércio,OUTLOOK,GRANDE,Nordeste
3454481508285917519,2009-12-02,Sudeste,0,Serviços,GMAIL,PEQUENO,Sudeste
5057726374207815794,2011-02-14,Sul,0,Serviços,YAHOO,PEQUENO,Sul
7720458526816091748,2021-07-12,Unknown,0,Serviços,YAHOO,MEDIO,Sudeste
4003696935579172837,2021-06-20,Unknown,0,Serviços,YAHOO,GRANDE,Sudeste
7742008298942700792,2021-07-11,Unknown,0,Serviços,GMAIL,GRANDE,Sudeste
1415340753324392369,2004-08-13,Sudeste,0,Comércio,HOTMAIL,MEDIO,Sudeste
2123312420728961012,2021-02-10,Unknown,0,Indústria,HOTMAIL,GRANDE,Sul
8045116560666679751,2020-10-19,Unknown,0,Comércio,GMAIL,MEDIO,Sudeste
2423599281313969582,2016-06-20,Sudeste,0,Serviços,HOTMAIL,MEDIO,Nordeste
4986060939759481610,2021-06-24,Unknown,0,Serviços,HOTMAIL,GRANDE,Sul
3965955331400146488,2017-11-29,Centro-Oeste,1,Unknown,YAHOO,MEDIO,Norte
3156580765759568020,2011-01-31,Sudeste,0,Serviços,AOL,GRANDE,Nordeste
5489089370448387505,2020-07-27,Nordeste,0,Comércio,GMAIL,MEDIO,Nordeste
644457054514416604,2020-04-12,Unknown,0,Serviços,OUTLOOK,MEDIO,Nordeste
1311488706225587300,2021-06-30,Unknown,0,Comércio,HOTMAIL,PEQUENO,Sul
4237135112070444140,2020-06-02,Unknown,0,Serviços,OUTLOOK,GRANDE,Norte
8278233100278581012,2017-02-28,Unknown,1,Unknown,AOL,GRANDE,Sudeste
4225765667813563302,2021-06-10,Unknown,0,Comércio,YAHOO,GRANDE,Sul
8737605759444448951,2021-06-28,Unknown,0,Indústria,HOTMAIL,GRANDE,Sul
3979129042322937623,2019-02-13,Unknown,0,Serviços,YAHOO,MEDIO,Nordeste
8698916565946744099,2021-07-05,Unknown,0,Comércio,HOTMAIL,MEDIO,Sul
8079157452200263869,2021-07-05,Unknown,0,Comércio,YAHOO,PEQUENO,Sul
3941676647656952109,2021-06-23,Unknown,0,Serviços,AOL,MEDIO,Sudeste
6518776090651183119,2021-02-04,Unknown,0,Unknown,YAHOO,Unknown,Nordeste
6826420906256954294,2000-08-15,Sudeste,0,Serviços,YAHOO,GRANDE,Sudeste
4424973922927242822,2006-07-16,Unknown,0,Indústria,OUTLOOK,MEDIO,Sudeste
5044097686733078536,2021-05-23,Unknown,0,Serviços,GMAIL,GRANDE,Norte
6915663759082844184,2021-03-21,Unknown,0,Comércio,YAHOO,GRANDE,Sudeste
8027035272622701013,2019-02-27,Unknown,1,Unknown,AOL,MEDIO,Norte
7387419407817356825,2000-08-15,Sul,0,Comércio,GMAIL,PEQUENO,Sul
5082455700818638342,2019-02-17,Sudeste,0,Comércio,BOL,MEDIO,Sudeste
3431426889924624821,2020-08-13,Norte,0,Serviços,HOTMAIL,MEDIO,Norte
5288503299611498087,2020-11-03,Unknown,0,Comércio,YAHOO,PEQUENO,Sudeste
957773253650890560,2021-07-05,Unknown,0,Comércio,GMAIL,MEDIO,Sudeste
6094038865287329652,2021-07-05,Unknown,0,Serviços,GMAIL,GRANDE,Nordeste
1592581784061157609,2002-05-14,Unknown,0,Comércio,Unknown,MEDIO,Sul
